FECHA,HORA,MINUTOS,N  ABEJAS/ VISITA,N MOSCAS / VISITA,TEMPERATURA,especie
11/6/2020,03,21,1,0,39,
11/6/2020,03,22,1,0,38,
11/6/2020,03,22,1,0,38,
11/6/2020,03,23,2,0,38,
11/6/2020,03,23,1,0,38,
11/6/2020,03,28,1,0,38,
11/6/2020,03,29,1,0,38,
11/6/2020,03,29,1,0,38,
11/6/2020,03,30,1,0,38,
11/6/2020,03,30,1,0,38,
11/6/2020,03,32,1,0,38,
11/6/2020,03,33,1,0,38,
11/6/2020,03,34,1,0,38,
11/6/2020,03,35,1,0,38,
11/6/2020,03,37,1,0,38,
11/6/2020,03,39,1,0,38,
11/6/2020,03,41,2,0,38,
11/6/2020,03,42,1,0,38,
11/6/2020,03,42,1,0,38,
11/6/2020,03,43,1,0,38,
11/6/2020,03,43,1,0,38,
11/6/2020,03,44,1,0,38,
11/6/2020,03,47,1,0,38,
11/6/2020,03,47,1,0,38,
11/6/2020,03,48,1,0,38,
11/6/2020,03,49,2,0,38,
11/6/2020,03,50,1,0,38,
11/6/2020,03,50,1,0,38,
11/6/2020,03,51,1,0,38,
11/6/2020,03,51,2,0,38,
11/6/2020,03,52,2,0,38,
11/6/2020,03,52,1,0,38,
11/6/2020,03,53,2,0,38,
11/6/2020,03,53,2,0,38,
11/6/2020,03,54,1,0,38,
11/6/2020,03,54,1,0,38,
11/6/2020,03,55,1,0,38,
11/6/2020,03,55,1,0,38,
11/6/2020,03,56,1,0,38,
11/6/2020,03,57,1,0,38,
11/6/2020,03,57,1,0,38,
11/6/2020,03,58,1,0,38,
11/6/2020,03,59,1,0,38,
11/6/2020,03,59,1,0,38,
11/6/2020,04,02,1,0,38,
11/6/2020,04,08,1,0,38,
11/6/2020,04,09,1,0,38,
11/6/2020,04,09,1,0,38,
11/6/2020,04,10,1,0,38,
11/6/2020,04,14,1,0,38,
11/6/2020,04,28,1,0,39,
11/6/2020,04,29,1,0,39,
11/6/2020,04,32,1,0,39,
11/6/2020,04,33,1,0,39,
11/6/2020,04,34,1,0,39,
11/6/2020,04,34,2,0,39,
11/6/2020,04,35,1,0,39,
11/6/2020,04,36,1,0,40,
11/6/2020,04,37,1,0,40,
11/6/2020,04,39,1,0,40,
11/6/2020,04,39,1,0,40,
11/6/2020,04,40,1,0,40,
11/6/2020,04,40,1,0,40,
11/6/2020,04,41,1,0,40,
11/6/2020,04,41,1,0,40,
11/6/2020,04,42,1,0,40,
11/6/2020,04,43,1,0,40,
11/6/2020,04,45,1,0,40,
11/6/2020,04,46,1,0,40,
11/6/2020,04,47,1,0,41,
11/6/2020,04,47,1,0,41,
11/6/2020,04,48,1,0,41,
11/6/2020,04,52,1,0,41,
11/6/2020,04,53,2,0,41,
11/6/2020,04,53,1,0,41,
11/6/2020,04,54,2,0,41,
11/6/2020,04,55,2,0,41,
11/6/2020,04,55,2,0,41,
11/6/2020,04,56,1,0,41,
11/6/2020,04,56,1,0,41,
11/6/2020,04,57,1,0,41,
11/6/2020,04,57,1,0,41,
11/6/2020,04,58,1,0,42,
11/6/2020,04,58,1,0,42,
11/6/2020,04,59,1,0,42,
11/6/2020,05,02,1,0,42,
11/6/2020,05,06,1,0,42,
11/6/2020,05,06,1,0,42,
11/6/2020,05,07,1,0,42,
11/6/2020,05,08,1,0,42,
11/6/2020,05,08,1,0,42,
11/6/2020,05,12,1,0,42,
11/6/2020,05,12,1,0,42,
11/6/2020,05,13,1,0,42,
11/6/2020,05,13,1,0,42,
11/6/2020,05,13,1,0,42,
11/6/2020,05,14,3,0,42,
11/6/2020,05,15,2,0,42,
11/6/2020,05,15,2,0,42,
11/6/2020,05,16,1,0,42,
11/6/2020,05,17,1,0,42,
11/6/2020,05,17,1,0,42,
11/6/2020,05,22,1,0,42,
11/6/2020,05,23,1,0,42,
11/6/2020,05,24,1,0,42,
11/6/2020,05,24,1,0,42,
11/6/2020,05,29,1,0,42,
11/6/2020,05,30,1,0,42,
11/6/2020,05,32,1,0,43,
11/6/2020,05,34,1,0,43,
11/6/2020,05,34,1,0,43,
11/6/2020,05,35,1,0,43,
11/6/2020,05,35,1,0,43,
11/6/2020,05,38,1,0,43,
11/6/2020,05,45,1,0,43,
11/6/2020,05,46,1,0,43,
11/6/2020,05,46,2,0,43,
11/6/2020,05,47,1,0,43,
11/6/2020,05,47,1,0,43,
11/6/2020,05,48,1,0,43,
11/6/2020,05,51,1,0,43,
11/6/2020,05,52,1,0,43,
11/6/2020,05,52,1,0,43,
11/6/2020,05,53,1,0,43,
11/6/2020,05,54,1,0,43,
11/6/2020,05,54,1,0,43,
11/6/2020,05,55,1,0,43,
11/6/2020,05,55,1,0,43,
11/6/2020,05,56,1,0,43,
11/6/2020,05,56,1,0,43,
11/6/2020,05,57,2,0,43,
11/6/2020,06,00,1,0,43,
11/6/2020,06,00,2,0,43,
11/6/2020,06,01,1,0,43,
11/6/2020,06,01,1,0,43,
11/6/2020,06,02,1,0,43,
11/6/2020,06,02,1,0,43,
11/6/2020,06,03,1,0,43,
11/6/2020,06,03,1,0,43,
11/6/2020,06,04,2,0,43,
11/6/2020,06,05,1,0,43,
11/6/2020,06,05,1,0,43,
11/6/2020,06,06,1,0,43,
11/6/2020,06,07,1,0,43,
11/6/2020,06,10,1,0,43,
11/6/2020,06,11,1,0,43,
11/6/2020,06,12,1,0,42,
11/6/2020,06,13,1,0,42,
11/6/2020,06,14,1,0,42,
11/6/2020,06,15,1,0,42,
11/6/2020,06,16,2,0,42,
11/6/2020,06,16,1,0,42,
11/6/2020,06,17,1,0,42,
11/6/2020,06,18,1,0,42,
11/6/2020,06,19,2,0,42,
11/6/2020,06,20,1,0,42,
11/6/2020,06,21,1,0,42,
11/6/2020,06,21,1,0,42,
11/6/2020,06,22,1,0,42,
11/6/2020,06,23,1,0,42,
11/6/2020,06,26,1,0,42,
11/6/2020,06,29,1,0,42,
11/6/2020,06,29,1,0,42,
11/6/2020,06,30,1,0,42,
11/6/2020,06,31,1,0,42,
11/6/2020,06,32,1,0,42,
11/6/2020,06,32,1,0,42,
11/6/2020,06,33,1,0,42,
11/6/2020,06,33,1,0,42,
11/6/2020,06,34,1,0,42,
11/6/2020,06,34,1,0,42,
11/6/2020,06,35,1,0,42,
11/6/2020,06,37,1,0,42,
11/6/2020,06,38,1,0,42,
11/6/2020,06,38,1,0,42,
11/6/2020,06,39,1,0,41,
11/6/2020,06,39,1,0,41,
11/6/2020,06,40,1,0,41,
11/6/2020,06,43,1,0,41,
11/6/2020,06,47,1,0,40,
11/6/2020,06,48,2,0,40,
11/6/2020,06,50,2,0,39,
11/6/2020,06,53,1,0,39,
11/6/2020,06,59,1,0,37,
11/6/2020,06,59,1,0,37,
11/6/2020,07,01,1,0,37,
11/6/2020,07,07,1,0,36,
11/6/2020,07,07,1,0,36,
11/6/2020,07,42,0,1,32,
11/6/2020,07,43,0,1,32,
11/6/2020,07,44,0,1,32,
11/6/2020,07,44,0,1,32,
11/6/2020,07,45,0,1,32,
11/7/2020,09,29,1,0,26,
11/7/2020,09,37,1,0,27,
11/7/2020,09,38,1,0,27,
11/7/2020,09,39,1,0,27,
11/7/2020,09,39,1,0,27,
11/7/2020,09,41,1,0,27,
11/7/2020,09,44,2,0,27,
11/7/2020,09,45,1,0,27,
11/7/2020,09,45,1,0,27,
11/7/2020,09,46,1,0,27,
11/7/2020,09,46,1,0,27,
11/7/2020,09,47,1,0,27,
11/7/2020,09,48,1,0,27,
11/7/2020,09,55,2,0,28,
11/7/2020,09,56,1,0,28,
11/7/2020,10,01,1,0,28,
11/7/2020,10,02,1,0,28,
11/7/2020,10,02,2,0,28,
11/7/2020,10,03,1,0,28,
11/7/2020,10,04,1,0,28,
11/7/2020,10,13,1,0,28,
11/7/2020,10,28,1,0,29,
11/7/2020,10,28,1,0,29,
11/7/2020,10,29,1,0,29,
11/7/2020,10,30,1,0,29,
11/7/2020,10,30,1,0,29,
11/7/2020,10,31,1,0,29,
11/7/2020,10,31,1,0,29,
11/7/2020,10,35,1,0,29,
11/7/2020,10,39,1,0,30,
11/7/2020,10,41,1,0,30,
11/7/2020,10,41,1,0,30,
11/7/2020,10,42,1,0,30,
11/7/2020,10,45,1,0,30,
11/7/2020,10,45,1,0,30,
11/7/2020,10,47,1,0,30,
11/7/2020,10,50,1,0,30,
11/7/2020,10,51,1,0,30,
11/7/2020,10,52,2,0,30,
11/7/2020,10,52,1,0,30,
11/7/2020,10,56,1,0,30,
11/7/2020,10,59,1,0,31,
11/7/2020,11,00,1,0,31,
11/7/2020,11,00,1,0,31,
11/7/2020,11,01,1,0,31,
11/7/2020,11,02,1,0,31,
11/7/2020,11,02,2,0,31,
11/7/2020,11,03,2,0,31,
11/7/2020,11,04,1,0,31,
11/7/2020,11,04,1,0,31,
11/7/2020,11,05,1,0,31,
11/7/2020,11,06,1,0,31,
11/7/2020,11,10,1,0,31,
11/7/2020,11,10,1,0,31,
11/7/2020,11,11,2,0,31,
11/7/2020,11,11,2,0,31,
11/7/2020,11,12,2,0,31,
11/7/2020,11,12,1,0,31,
11/7/2020,11,13,1,0,31,
11/7/2020,11,14,2,0,31,
11/7/2020,11,14,2,0,31,
11/7/2020,11,19,1,0,31,
11/7/2020,11,21,1,0,31,
11/7/2020,11,22,1,0,31,
11/7/2020,11,22,1,0,31,
11/7/2020,11,23,1,0,31,
11/7/2020,11,24,1,0,31,
11/7/2020,11,24,1,0,31,
11/7/2020,11,25,1,0,31,
11/7/2020,11,26,1,0,31,
11/7/2020,11,29,1,0,31,
11/7/2020,11,34,1,0,32,
11/7/2020,11,35,1,0,32,
11/7/2020,11,36,1,0,32,
11/7/2020,11,36,1,0,32,
11/7/2020,11,37,1,0,32,
11/7/2020,11,37,1,0,32,
11/7/2020,11,39,1,0,32,
11/7/2020,11,44,1,0,32,
11/7/2020,11,44,1,0,32,
11/7/2020,11,54,1,0,33,
11/7/2020,11,59,1,0,33,
11/7/2020,11,59,1,0,33,
11/7/2020,12,00,1,0,33,
11/7/2020,12,00,1,0,33,
11/7/2020,12,01,1,0,33,
11/7/2020,12,03,1,0,33,
11/7/2020,12,04,2,0,33,
11/7/2020,12,04,1,0,33,
11/7/2020,12,05,1,0,33,
11/7/2020,12,09,1,0,33,
11/7/2020,12,11,1,0,33,
11/7/2020,12,16,1,0,34,
11/7/2020,12,17,1,0,34,
11/7/2020,12,19,1,0,34,
11/7/2020,12,19,2,0,34,
11/7/2020,12,20,1,0,34,
11/7/2020,12,20,1,0,34,
11/7/2020,12,22,1,0,34,
11/7/2020,12,23,1,0,34,
11/7/2020,12,23,1,0,34,
11/7/2020,12,24,1,0,34,
11/7/2020,12,25,1,0,34,
11/7/2020,12,26,1,0,34,
11/7/2020,12,35,1,0,34,
11/7/2020,12,35,1,0,34,
11/7/2020,12,36,1,0,34,
11/7/2020,12,37,1,0,34,
11/7/2020,12,38,1,0,34,
11/7/2020,12,38,1,0,34,
11/7/2020,12,39,1,0,34,
11/7/2020,12,40,2,0,34,
11/7/2020,12,40,1,0,34,
11/7/2020,12,41,1,0,34,
11/7/2020,12,46,1,0,35,
11/7/2020,12,47,1,0,35,
11/7/2020,12,48,1,0,35,
11/7/2020,12,50,1,0,35,
11/7/2020,12,50,1,0,35,
11/7/2020,12,51,1,0,35,
11/7/2020,12,52,1,0,35,
11/7/2020,12,52,1,0,35,
11/7/2020,12,54,2,0,35,
11/7/2020,12,54,1,0,35,
11/7/2020,12,55,1,0,35,
11/7/2020,12,55,1,0,35,
11/7/2020,12,56,1,0,35,
11/7/2020,12,56,2,0,35,
11/7/2020,12,57,1,0,35,
11/7/2020,01,03,1,0,35,
11/7/2020,01,05,2,0,35,
11/7/2020,01,05,1,0,35,
11/7/2020,01,08,1,0,35,
11/7/2020,01,10,2,0,35,
11/7/2020,01,11,1,0,35,
11/7/2020,01,11,1,0,35,
11/7/2020,01,13,1,0,35,
11/7/2020,01,19,1,0,36,
11/7/2020,01,21,1,0,36,
11/7/2020,01,22,1,0,36,
11/7/2020,01,23,2,0,36,
11/7/2020,01,23,1,0,36,
11/7/2020,01,24,1,0,36,
11/7/2020,01,26,2,0,36,
11/7/2020,01,27,1,0,36,
11/7/2020,01,28,1,0,36,
11/7/2020,01,28,1,0,36,
11/7/2020,01,32,1,0,36,
11/7/2020,01,32,1,0,36,
11/7/2020,01,33,1,0,36,
11/7/2020,01,39,3,0,36,
11/7/2020,01,40,1,0,36,
11/7/2020,01,40,1,0,36,
11/7/2020,01,41,1,0,36,
11/7/2020,01,41,1,0,36,
11/7/2020,01,43,1,0,36,
11/7/2020,01,44,1,0,36,
11/7/2020,01,46,2,0,37,
11/7/2020,01,48,1,0,37,
11/7/2020,01,51,3,0,37,
11/7/2020,01,52,2,0,37,
11/7/2020,01,52,1,0,37,
11/7/2020,01,53,1,0,37,
11/7/2020,01,53,1,0,37,
11/7/2020,01,54,1,0,37,
11/7/2020,01,55,1,0,37,
11/7/2020,01,55,1,0,37,
11/7/2020,01,57,1,0,37,
11/7/2020,01,58,1,0,37,
11/7/2020,01,58,1,0,37,
11/7/2020,01,59,2,0,37,
11/7/2020,02,01,1,0,37,
11/7/2020,02,02,1,0,37,
11/7/2020,02,05,1,0,37,
11/7/2020,02,06,1,0,37,
11/7/2020,02,07,1,0,37,
11/7/2020,02,07,1,0,37,
11/7/2020,02,09,1,0,37,
11/7/2020,02,09,1,0,37,
11/7/2020,02,10,1,0,37,
11/7/2020,02,13,2,0,37,
11/7/2020,02,14,1,0,37,
11/7/2020,02,15,2,0,38,
11/7/2020,02,19,1,0,38,
11/7/2020,02,19,1,0,38,
11/7/2020,02,20,1,0,38,
11/7/2020,02,20,1,0,38,
11/7/2020,02,21,2,0,38,
11/7/2020,02,21,2,0,38,
11/7/2020,02,23,1,0,38,
11/7/2020,02,24,1,0,38,
11/7/2020,02,25,1,0,38,
11/7/2020,02,26,2,0,38,
11/7/2020,02,27,1,0,38,
11/7/2020,02,30,1,0,38,
11/7/2020,02,31,2,0,38,
11/7/2020,02,32,2,0,38,
11/7/2020,02,33,2,0,38,
11/7/2020,02,33,1,0,38,
11/7/2020,02,34,1,0,38,
11/7/2020,02,35,2,0,38,
11/7/2020,02,36,1,0,38,
11/7/2020,02,37,1,0,38,
11/7/2020,02,38,1,0,38,
11/7/2020,02,40,1,0,38,
11/7/2020,02,40,1,0,38,
11/7/2020,02,41,2,0,38,
11/7/2020,02,42,1,0,38,
11/7/2020,02,43,2,0,38,
11/7/2020,02,43,2,0,38,
11/7/2020,02,44,1,0,38,
11/7/2020,02,45,1,0,38,
11/7/2020,02,46,1,0,38,
11/7/2020,02,47,1,0,38,
11/7/2020,02,48,1,0,38,
11/7/2020,02,49,1,0,38,
11/7/2020,02,50,1,0,38,
11/7/2020,02,50,1,0,38,
11/7/2020,02,51,1,0,38,
11/7/2020,02,57,1,0,38,
11/7/2020,02,58,1,0,39,
11/7/2020,02,59,1,0,39,
11/7/2020,03,01,1,0,39,
11/7/2020,03,02,1,0,39,
11/7/2020,03,04,1,0,39,
11/7/2020,03,05,1,0,39,
11/7/2020,03,05,1,0,39,
11/7/2020,03,06,1,0,39,
11/7/2020,03,06,1,0,39,
11/7/2020,03,07,1,0,39,
11/7/2020,03,08,1,0,39,
11/7/2020,03,08,1,0,39,
11/7/2020,03,10,1,0,39,
11/7/2020,03,11,1,0,39,
11/7/2020,03,19,2,0,39,
11/7/2020,03,20,2,0,39,
11/7/2020,03,20,1,0,39,
11/7/2020,03,21,1,0,39,
11/7/2020,03,21,2,0,39,
11/7/2020,03,22,1,0,39,
11/7/2020,03,22,3,0,39,
11/7/2020,03,23,1,0,39,
11/7/2020,03,26,1,0,39,
11/7/2020,03,27,1,0,39,
11/7/2020,03,28,1,0,39,
11/7/2020,03,28,1,0,39,
11/7/2020,03,29,1,0,39,
11/7/2020,03,29,1,0,39,
11/7/2020,03,30,1,0,39,
11/7/2020,03,31,1,0,39,
11/7/2020,03,35,1,0,40,
11/7/2020,03,36,1,0,40,
11/7/2020,03,37,1,0,40,
11/7/2020,03,37,1,0,40,
11/7/2020,03,38,2,0,40,
11/7/2020,03,38,1,0,40,
11/7/2020,03,39,1,0,40,
11/7/2020,03,39,2,0,40,
11/7/2020,03,40,2,0,40,
11/7/2020,03,40,1,0,40,
11/7/2020,03,43,1,0,40,
11/7/2020,03,45,1,0,40,
11/7/2020,03,45,1,0,40,
11/7/2020,03,46,1,0,40,
11/7/2020,03,47,1,0,40,
11/7/2020,03,48,1,0,40,
11/7/2020,03,48,1,0,40,
11/7/2020,03,49,1,0,40,
11/7/2020,03,50,1,0,40,
11/7/2020,03,51,1,0,39,
11/7/2020,03,52,1,0,39,
11/7/2020,03,52,1,0,39,
11/7/2020,03,56,1,0,39,
11/7/2020,03,57,1,0,39,
11/7/2020,04,00,1,0,39,
11/7/2020,04,00,1,0,39,
11/7/2020,04,01,1,0,39,
11/7/2020,04,01,1,0,39,
11/7/2020,04,02,1,0,39,
11/7/2020,04,02,1,0,39,
11/7/2020,04,03,2,0,39,
11/7/2020,04,04,2,0,39,
11/7/2020,04,04,3,0,39,
11/7/2020,04,05,2,0,39,
11/7/2020,04,05,2,0,39,
11/7/2020,04,06,2,0,39,
11/7/2020,04,07,1,0,39,
11/7/2020,04,08,2,0,39,
11/7/2020,04,08,1,0,39,
11/7/2020,04,09,1,0,39,
11/7/2020,04,10,1,0,39,
11/7/2020,04,12,1,0,39,
11/7/2020,04,13,1,0,39,
11/7/2020,04,13,2,0,39,
11/7/2020,04,15,1,0,39,
11/7/2020,04,16,1,0,39,
11/7/2020,04,17,1,0,39,
11/7/2020,04,20,1,0,39,
11/7/2020,04,21,1,0,39,
11/7/2020,04,23,1,0,39,
11/7/2020,04,24,1,0,39,
11/7/2020,04,25,1,0,39,
11/7/2020,04,28,1,0,39,
11/7/2020,04,29,1,0,39,
11/7/2020,04,29,1,0,39,
11/7/2020,04,30,1,0,39,
11/7/2020,04,31,1,0,39,
11/7/2020,04,33,1,0,39,
11/7/2020,04,36,1,0,40,
11/7/2020,04,37,1,0,40,
11/7/2020,04,38,1,0,40,
11/7/2020,04,38,1,0,40,
11/7/2020,04,42,1,0,40,
11/7/2020,04,47,1,0,40,
11/7/2020,04,48,1,0,40,
11/7/2020,04,48,1,0,40,
11/7/2020,04,49,1,0,40,
11/7/2020,04,49,1,0,40,
11/7/2020,04,55,1,0,41,
11/7/2020,04,56,1,0,41,
11/7/2020,04,57,1,0,41,
11/7/2020,04,57,1,0,41,
11/7/2020,04,58,1,0,41,
11/7/2020,05,03,1,0,41,
11/7/2020,05,04,2,0,41,
11/7/2020,05,05,1,0,41,
11/7/2020,05,06,1,0,41,
11/7/2020,05,06,1,0,41,
11/7/2020,05,07,2,0,41,
11/7/2020,05,07,1,0,41,
11/7/2020,05,10,1,0,41,
11/7/2020,05,12,1,0,41,
11/7/2020,05,12,1,0,41,
11/7/2020,05,13,2,0,41,
11/7/2020,05,14,1,0,41,
11/7/2020,05,14,1,0,41,
11/7/2020,05,15,1,0,41,
11/7/2020,05,16,2,0,41,
11/7/2020,05,16,1,0,41,
11/7/2020,05,17,1,0,41,
11/7/2020,05,18,1,0,41,
11/7/2020,05,18,1,0,41,
11/7/2020,05,19,1,0,41,
11/7/2020,05,20,1,0,41,
11/7/2020,05,20,2,0,41,
11/7/2020,05,23,1,0,42,
11/7/2020,05,24,1,0,42,
11/7/2020,05,24,2,0,42,
11/7/2020,05,25,2,0,42,
11/7/2020,05,25,1,0,42,
11/7/2020,05,26,1,0,42,
11/7/2020,05,28,1,0,42,
11/7/2020,05,28,1,0,42,
11/7/2020,05,29,1,0,42,
11/7/2020,05,29,2,0,42,
11/7/2020,05,30,1,0,42,
11/7/2020,05,31,2,0,42,
11/7/2020,05,31,2,0,42,
11/7/2020,05,32,1,0,42,
11/7/2020,05,32,2,0,42,
11/7/2020,05,33,1,0,42,
11/7/2020,05,34,1,0,42,
11/7/2020,05,35,1,0,42,
11/7/2020,05,37,2,0,42,
11/7/2020,05,43,1,0,42,
11/7/2020,05,44,1,0,42,
11/7/2020,05,47,1,0,42,
11/7/2020,05,47,1,0,42,
11/7/2020,05,48,1,0,42,
11/7/2020,05,48,1,0,42,
11/7/2020,05,49,1,0,42,
11/7/2020,05,50,1,0,42,
11/7/2020,05,51,1,0,42,
11/7/2020,05,51,2,0,42,
11/7/2020,05,52,1,0,42,
11/7/2020,05,52,2,0,42,
11/7/2020,05,53,2,0,42,
11/7/2020,05,53,1,0,42,
11/7/2020,05,54,1,0,42,
11/7/2020,05,56,1,0,42,
11/7/2020,05,59,1,0,42,
11/7/2020,06,00,1,0,42,
11/7/2020,06,00,2,0,42,
11/7/2020,06,02,1,0,42,
11/7/2020,06,02,1,0,42,
11/7/2020,06,03,2,0,42,
11/7/2020,06,03,1,0,42,
11/7/2020,06,04,1,0,42,
11/7/2020,06,06,1,0,42,
11/7/2020,06,07,1,0,42,
11/7/2020,06,07,1,0,42,
11/7/2020,06,08,1,0,42,
11/7/2020,06,09,1,0,42,
11/7/2020,06,09,2,0,42,
11/7/2020,06,10,1,0,42,
11/7/2020,06,11,1,0,42,
11/7/2020,06,11,1,0,42,
11/7/2020,06,12,1,0,42,
11/7/2020,06,12,1,0,42,
11/7/2020,06,13,1,0,42,
11/7/2020,06,13,1,0,42,
11/7/2020,06,14,1,0,42,
11/7/2020,06,14,1,0,42,
11/7/2020,06,15,1,0,42,
11/7/2020,06,15,1,0,42,
11/7/2020,06,16,1,0,42,
11/7/2020,06,18,1,0,42,
11/7/2020,06,19,1,0,42,
11/7/2020,06,19,1,0,42,
11/7/2020,06,20,2,0,42,
11/7/2020,06,20,2,0,42,
11/7/2020,06,21,1,0,42,
11/7/2020,06,21,1,0,42,
11/7/2020,06,22,1,0,42,
11/7/2020,06,27,1,0,42,
11/7/2020,06,28,1,0,42,
11/7/2020,06,28,2,0,42,
11/7/2020,06,29,2,0,42,
11/7/2020,06,29,1,0,42,
11/7/2020,06,30,1,0,42,
11/7/2020,06,32,1,0,42,
11/7/2020,06,32,1,0,42,
11/7/2020,06,34,1,0,42,
11/7/2020,06,34,1,0,42,
11/7/2020,06,39,1,0,42,
11/7/2020,06,40,1,0,42,
11/7/2020,06,40,3,0,42,
11/7/2020,06,41,1,0,42,
11/7/2020,06,41,1,0,42,
11/7/2020,06,43,1,0,42,
11/7/2020,06,44,1,0,42,
11/7/2020,06,45,1,0,42,
11/7/2020,06,45,1,0,42,
11/7/2020,06,46,1,0,42,
11/7/2020,06,47,1,0,42,
11/7/2020,06,47,1,0,42,
11/7/2020,06,48,1,0,42,
11/7/2020,06,48,1,0,42,
11/7/2020,06,49,1,0,42,
11/7/2020,06,49,2,0,42,
11/7/2020,06,50,1,0,42,
11/7/2020,06,51,1,0,41,
11/7/2020,06,52,2,0,41,
11/7/2020,06,52,2,0,41,
11/7/2020,06,53,1,0,41,
11/7/2020,06,56,1,0,41,
11/7/2020,06,59,1,0,41,
11/7/2020,07,00,1,0,41,
11/7/2020,07,00,1,0,41,
11/7/2020,07,03,1,0,41,
11/7/2020,07,03,1,0,41,
11/7/2020,07,04,1,0,41,
11/7/2020,07,05,1,0,41,
11/7/2020,07,12,1,0,40,
11/7/2020,07,13,1,0,40,
11/7/2020,07,13,1,0,40,
11/7/2020,07,19,1,0,38,
11/7/2020,07,19,1,0,38,
11/7/2020,07,20,1,0,38,
11/7/2020,07,20,1,0,38,
11/7/2020,07,21,1,0,38,
11/7/2020,07,21,1,0,38,
11/7/2020,07,22,1,0,37,
11/7/2020,07,22,1,0,37,
11/7/2020,07,27,1,0,36,
11/7/2020,07,27,1,0,36,
11/8/2020,07,56,0,1,18,
11/8/2020,07,57,0,1,18,
11/8/2020,07,58,0,1,18,
11/8/2020,07,58,0,1,18,
11/8/2020,08,00,1,0,18,
11/8/2020,08,01,1,0,18,
11/8/2020,08,03,0,1,18,
11/8/2020,08,07,0,1,19,
11/8/2020,08,07,0,1,19,
11/8/2020,08,08,0,1,19,
11/8/2020,08,09,0,1,19,
11/8/2020,08,10,0,1,19,
11/8/2020,08,10,0,1,19,
11/8/2020,08,11,0,1,19,
11/8/2020,08,31,0,1,22,
11/8/2020,09,08,1,0,26,
11/8/2020,09,17,1,0,26,
11/8/2020,09,18,1,0,26,
11/8/2020,09,18,1,0,26,
11/8/2020,09,19,1,0,26,
11/8/2020,09,19,1,0,26,
11/8/2020,09,20,2,0,26,
11/8/2020,09,20,1,0,26,
11/8/2020,09,21,1,0,27,
11/8/2020,09,21,2,0,27,
11/8/2020,09,23,1,0,27,
11/8/2020,09,23,1,0,27,
11/8/2020,09,27,1,0,27,
11/8/2020,09,27,1,0,27,
11/8/2020,09,31,1,0,28,
11/8/2020,09,42,1,0,29,
11/8/2020,09,43,1,0,29,
11/8/2020,09,43,2,0,29,
11/8/2020,09,44,1,0,29,
11/8/2020,09,46,1,0,29,
11/8/2020,09,46,1,0,29,
11/8/2020,09,47,1,0,29,
11/8/2020,09,47,2,0,29,
11/8/2020,09,48,2,0,29,
11/8/2020,09,49,1,0,29,
11/8/2020,09,51,1,0,29,
11/8/2020,09,57,1,0,30,
11/8/2020,09,59,1,0,30,
11/8/2020,10,05,1,0,30,
11/8/2020,10,13,1,0,30,
11/8/2020,10,14,1,0,30,
11/8/2020,10,15,1,0,30,
11/8/2020,10,23,1,0,31,
11/8/2020,10,24,1,0,31,
11/8/2020,10,37,1,0,31,
11/8/2020,10,43,1,0,33,
11/8/2020,10,44,2,0,33,
11/8/2020,10,46,1,0,33,
11/8/2020,10,46,1,0,33,
11/8/2020,10,50,1,0,33,
11/8/2020,10,50,1,0,33,
11/8/2020,10,51,2,0,33,
11/8/2020,10,51,1,0,33,
11/8/2020,10,52,1,0,33,
11/8/2020,10,52,1,0,33,
11/8/2020,10,55,1,0,34,
11/8/2020,10,56,1,0,34,
11/8/2020,10,56,1,0,34,
11/8/2020,10,57,2,0,34,
11/8/2020,10,57,1,0,34,
11/8/2020,10,58,3,0,34,
11/8/2020,10,58,2,0,34,
11/8/2020,11,00,1,0,34,
11/8/2020,11,00,1,0,34,
11/8/2020,11,02,1,0,34,
11/8/2020,11,03,1,0,34,
11/8/2020,11,03,1,0,34,
11/8/2020,11,05,1,0,34,
11/8/2020,11,12,1,0,35,
11/8/2020,11,13,2,0,35,
11/8/2020,11,13,2,0,35,
11/8/2020,11,14,2,0,35,
11/8/2020,11,14,2,0,35,
11/8/2020,11,15,2,0,35,
11/8/2020,11,17,1,0,35,
11/8/2020,11,21,1,0,35,
11/8/2020,11,27,1,0,35,
11/8/2020,11,27,1,0,35,
11/8/2020,11,28,1,0,35,
11/8/2020,11,28,1,0,35,
11/8/2020,11,29,1,0,35,
11/8/2020,11,30,1,0,35,
11/8/2020,11,30,1,0,35,
11/8/2020,11,31,1,0,35,
11/8/2020,11,31,1,0,35,
11/8/2020,11,32,1,0,35,
11/8/2020,11,32,1,0,35,
11/8/2020,11,33,1,0,35,
11/8/2020,11,34,1,0,35,
11/8/2020,11,37,1,0,35,
11/8/2020,11,40,2,0,35,
11/8/2020,11,41,2,0,35,
11/8/2020,11,42,1,0,36,
11/8/2020,11,45,1,0,36,
11/8/2020,11,47,1,0,36,
11/8/2020,11,49,1,0,36,
11/8/2020,11,50,1,0,36,
11/8/2020,11,52,1,0,36,
11/8/2020,11,53,1,0,36,
11/8/2020,11,53,1,0,36,
11/8/2020,11,54,2,0,36,
11/8/2020,11,54,2,0,36,
11/8/2020,11,55,1,0,36,
11/8/2020,11,56,1,0,36,
11/8/2020,11,57,1,0,36,
11/8/2020,11,57,1,0,36,
11/8/2020,11,58,1,0,36,
11/8/2020,11,58,1,0,36,
11/8/2020,11,59,1,0,36,
11/8/2020,11,59,1,0,36,
11/8/2020,12,07,1,0,37,
11/8/2020,11,08,1,0,37,
11/8/2020,12,09,1,0,37,
11/8/2020,12,11,1,0,37,
11/8/2020,12,15,1,0,37,
11/8/2020,12,16,1,0,37,
11/8/2020,12,17,1,0,37,
11/8/2020,12,18,1,0,37,
11/8/2020,12,18,2,0,37,
11/8/2020,12,19,2,0,37,
11/8/2020,12,19,1,0,37,
11/8/2020,12,20,1,0,37,
11/8/2020,12,20,2,0,37,
11/8/2020,12,21,1,0,37,
11/8/2020,12,21,1,0,37,
11/8/2020,12,22,1,0,37,
11/8/2020,12,24,1,0,37,
11/8/2020,12,25,1,0,37,
11/8/2020,12,25,1,0,37,
11/8/2020,12,26,1,0,37,
11/8/2020,12,26,1,0,38,
11/8/2020,12,27,1,0,38,
11/8/2020,12,28,1,0,38,
11/8/2020,12,33,1,0,38,
11/8/2020,12,34,1,0,38,
11/8/2020,12,35,2,0,38,
11/8/2020,12,35,1,0,38,
11/8/2020,12,36,1,0,38,
11/8/2020,12,36,2,0,38,
11/8/2020,12,39,1,0,38,
11/8/2020,12,41,1,0,38,
11/8/2020,12,44,1,0,38,
11/8/2020,12,44,2,0,38,
11/8/2020,12,45,1,0,38,
11/8/2020,12,46,1,0,38,
11/8/2020,12,51,1,0,38,
11/8/2020,12,51,1,0,38,
11/8/2020,12,53,1,0,38,
11/8/2020,12,54,1,0,38,
11/8/2020,12,55,2,0,38,
11/8/2020,12,55,2,0,38,
11/8/2020,12,56,2,0,38,
11/8/2020,12,56,1,0,38,
11/8/2020,12,57,1,0,39,
11/8/2020,12,57,2,0,39,
11/8/2020,12,58,1,0,39,
11/8/2020,12,59,1,0,39,
11/8/2020,12,59,1,0,39,
11/8/2020,01,00,1,0,39,
11/8/2020,01,01,1,0,39,
11/8/2020,01,03,1,0,39,
11/8/2020,01,03,2,0,39,
11/8/2020,01,04,1,0,39,
11/8/2020,01,04,1,0,39,
11/8/2020,01,05,1,0,39,
11/8/2020,01,05,1,0,39,
11/8/2020,01,10,1,0,39,
11/8/2020,01,12,1,0,39,
11/8/2020,01,14,1,0,39,
11/8/2020,01,15,1,0,39,
11/8/2020,01,15,1,0,39,
11/8/2020,01,17,1,0,39,
11/8/2020,01,18,1,0,39,
11/8/2020,01,18,1,0,39,
11/8/2020,01,23,2,0,39,
11/8/2020,01,24,2,0,39,
11/8/2020,01,24,1,0,39,
11/8/2020,01,26,1,0,39,
11/8/2020,01,28,1,0,39,
11/8/2020,01,28,1,0,39,
11/8/2020,01,29,1,0,39,
11/8/2020,01,30,2,0,39,
11/8/2020,01,30,1,0,39,
11/8/2020,01,39,1,0,39,
11/8/2020,01,39,1,0,39,
11/8/2020,01,40,1,0,39,
11/8/2020,01,40,1,0,39,
11/8/2020,01,44,1,0,39,
11/8/2020,01,45,1,0,39,
11/8/2020,01,45,1,0,39,
11/8/2020,01,46,1,0,39,
11/8/2020,01,51,1,0,39,
11/8/2020,01,53,1,0,39,
11/8/2020,01,53,1,0,39,
11/8/2020,02,01,1,0,39,
11/8/2020,02,02,1,0,40,
11/8/2020,02,02,1,0,40,
11/8/2020,02,04,1,0,40,
11/8/2020,02,04,1,0,40,
11/8/2020,02,05,1,0,40,
11/8/2020,02,06,1,0,40,
11/8/2020,02,06,1,0,40,
11/8/2020,02,08,1,0,40,
11/8/2020,02,09,1,0,40,
11/8/2020,02,09,1,0,40,
11/8/2020,02,10,1,0,40,
11/8/2020,02,11,1,0,40,
11/8/2020,02,14,1,0,40,
11/8/2020,02,19,1,0,40,
11/8/2020,02,19,1,0,40,
11/8/2020,02,20,1,0,40,
11/8/2020,02,23,1,0,40,
11/8/2020,02,24,1,0,40,
11/8/2020,02,24,2,0,40,
11/8/2020,02,25,1,0,40,
11/8/2020,02,26,1,0,40,
11/8/2020,02,31,1,0,40,
11/8/2020,02,32,1,0,40,
11/8/2020,02,33,1,0,40,
11/8/2020,02,33,2,0,40,
11/8/2020,02,34,2,0,40,
11/8/2020,02,34,2,0,40,
11/8/2020,02,35,2,0,40,
11/8/2020,02,35,2,0,40,
11/8/2020,02,36,1,0,40,
11/8/2020,02,36,3,0,40,
11/8/2020,02,37,2,0,40,
11/8/2020,02,39,1,0,40,
11/8/2020,02,47,1,0,39,
11/8/2020,02,47,1,0,39,
11/8/2020,02,48,2,0,39,
11/8/2020,02,48,2,0,39,
11/8/2020,02,49,1,0,39,
11/8/2020,02,49,1,0,39,
11/8/2020,02,50,1,0,39,
11/8/2020,02,54,1,0,39,
11/8/2020,02,54,1,0,39,
11/8/2020,02,57,1,0,39,
11/8/2020,02,57,1,0,40,
11/8/2020,02,58,1,0,40,
11/8/2020,03,01,1,0,40,
11/8/2020,03,02,1,0,40,
11/8/2020,03,02,1,0,40,
11/8/2020,03,03,1,0,40,
11/8/2020,03,03,2,0,40,
11/8/2020,03,04,1,0,40,
11/8/2020,03,04,1,0,40,
11/8/2020,03,05,1,0,40,
11/8/2020,03,05,2,0,40,
11/8/2020,03,06,1,0,40,
11/8/2020,03,12,2,0,40,
11/8/2020,03,13,1,0,40,
11/8/2020,03,13,1,0,40,
11/8/2020,03,15,1,0,40,
11/8/2020,03,16,1,0,40,
11/8/2020,03,16,1,0,40,
11/8/2020,03,17,1,0,40,
11/8/2020,03,23,1,0,40,
11/8/2020,03,24,1,0,40,
11/8/2020,03,27,1,0,40,
11/8/2020,03,28,2,0,40,
11/8/2020,03,29,2,0,40,
11/8/2020,03,29,2,0,40,
11/8/2020,03,30,1,0,40,
11/8/2020,03,30,1,0,40,
11/8/2020,03,31,2,0,40,
11/8/2020,03,31,1,0,40,
11/8/2020,03,32,1,0,40,
11/8/2020,03,33,1,0,40,
11/8/2020,03,33,1,0,40,
11/8/2020,03,34,1,0,40,
11/8/2020,03,35,1,0,40,
11/8/2020,03,36,1,0,40,
11/8/2020,03,36,2,0,40,
11/8/2020,03,37,1,0,40,
11/8/2020,03,37,2,0,40,
11/8/2020,03,38,1,0,40,
11/8/2020,03,38,2,0,40,
11/8/2020,03,39,1,0,40,
11/8/2020,03,40,1,0,40,
11/8/2020,03,42,1,0,40,
11/8/2020,03,42,1,0,40,
11/8/2020,03,43,1,0,40,
11/8/2020,03,43,1,0,40,
11/8/2020,03,44,1,0,40,
11/8/2020,03,44,2,0,40,
11/8/2020,03,45,1,0,40,
11/8/2020,03,46,1,0,40,
11/8/2020,03,46,1,0,40,
11/8/2020,03,47,1,0,40,
11/8/2020,03,47,1,0,40,
11/8/2020,03,48,1,0,40,
11/8/2020,03,48,1,0,40,
11/8/2020,03,54,1,0,40,
11/8/2020,03,54,1,0,40,
11/8/2020,03,56,1,0,40,
11/8/2020,03,57,1,0,40,
11/8/2020,04,05,1,0,39,
11/8/2020,04,06,1,0,39,
11/8/2020,04,07,1,0,39,
11/8/2020,04,07,1,0,39,
11/8/2020,04,08,2,0,39,
11/8/2020,04,08,1,0,39,
11/8/2020,04,09,1,0,39,
11/8/2020,04,10,1,0,39,
11/8/2020,04,11,1,0,39,
11/8/2020,04,14,1,0,39,
11/8/2020,04,14,1,0,39,
11/8/2020,04,16,1,0,39,
11/8/2020,04,21,1,0,38,
11/8/2020,04,22,2,0,38,
11/8/2020,04,22,2,0,38,
11/8/2020,04,23,1,0,38,
11/8/2020,04,29,1,0,38,
11/8/2020,04,30,1,0,38,
11/8/2020,04,30,1,0,38,
11/8/2020,04,31,1,0,38,
11/8/2020,04,31,1,0,38,
11/8/2020,04,32,1,0,38,
11/8/2020,04,32,1,0,38,
11/8/2020,04,33,1,0,38,
11/8/2020,04,33,1,0,38,
11/8/2020,04,34,1,0,38,
11/8/2020,04,34,2,0,38,
11/8/2020,04,38,1,0,39,
11/8/2020,04,39,1,0,39,
11/8/2020,04,39,1,0,39,
11/8/2020,04,40,1,0,39,
11/8/2020,04,42,1,0,39,
11/8/2020,04,42,1,0,39,
11/8/2020,04,43,1,0,39,
11/8/2020,04,44,2,0,39,
11/8/2020,04,44,2,0,39,
11/8/2020,04,45,2,0,39,
11/8/2020,04,45,1,0,39,
11/8/2020,04,46,1,0,39,
11/8/2020,04,46,2,0,39,
11/8/2020,04,47,1,0,39,
11/8/2020,04,48,2,0,39,
11/8/2020,04,48,1,0,39,
11/8/2020,04,49,2,0,39,
11/8/2020,04,49,1,0,39,
11/8/2020,04,56,1,0,39,
11/8/2020,04,57,1,0,39,
11/8/2020,04,57,1,0,39,
11/8/2020,05,01,1,0,38,
11/8/2020,05,03,1,0,38,
11/8/2020,05,04,1,0,38,
11/8/2020,05,04,2,0,38,
11/8/2020,05,05,1,0,38,
11/8/2020,05,06,1,0,38,
11/8/2020,05,06,1,0,38,
11/8/2020,05,07,2,0,38,
11/8/2020,05,08,1,0,38,
11/8/2020,05,08,1,0,38,
11/8/2020,05,09,1,0,38,
11/8/2020,05,10,3,0,38,
11/8/2020,05,11,1,0,38,
11/8/2020,05,11,1,0,38,
11/8/2020,05,12,1,0,38,
11/8/2020,05,16,2,0,38,
11/8/2020,05,17,1,0,38,
11/8/2020,05,18,1,0,38,
11/8/2020,05,18,1,0,38,
11/8/2020,05,19,1,0,38,
11/8/2020,05,19,2,0,38,
11/8/2020,05,24,1,0,38,
11/8/2020,05,25,1,0,38,
11/8/2020,05,25,1,0,38,
11/8/2020,05,26,1,0,38,
11/8/2020,05,27,1,0,38,
11/8/2020,05,28,1,0,38,
11/8/2020,05,28,2,0,38,
11/8/2020,05,29,2,0,38,
11/8/2020,05,29,3,0,38,
11/8/2020,05,30,2,0,38,
11/8/2020,05,31,1,0,38,
11/8/2020,05,31,1,0,38,
11/8/2020,05,34,1,0,38,
11/8/2020,05,36,1,0,38,
11/8/2020,05,37,2,0,38,
11/8/2020,05,37,2,0,38,
11/8/2020,05,38,1,0,38,
11/8/2020,05,38,1,0,38,
11/8/2020,05,39,1,0,38,
11/8/2020,05,39,1,0,38,
11/8/2020,05,41,1,0,38,
11/8/2020,05,42,1,0,38,
11/8/2020,05,42,1,0,38,
11/8/2020,05,44,1,0,38,
11/8/2020,05,45,1,0,38,
11/8/2020,05,46,1,0,38,
11/8/2020,05,47,1,0,38,
11/8/2020,05,47,1,0,38,
11/8/2020,05,48,1,0,38,
11/8/2020,05,49,1,0,38,
11/8/2020,05,50,1,0,37,
11/8/2020,05,50,1,0,37,
11/8/2020,05,52,1,0,37,
11/8/2020,05,53,1,0,37,
11/8/2020,05,54,1,0,37,
11/8/2020,05,55,1,0,37,
11/8/2020,05,57,1,0,36,
11/8/2020,05,58,1,0,36,
11/8/2020,05,58,1,0,36,
11/8/2020,05,59,1,0,36,
11/8/2020,05,59,1,0,36,
11/8/2020,06,00,1,0,36,
11/8/2020,06,02,2,0,36,
11/8/2020,06,06,1,0,35,
11/8/2020,06,07,1,0,35,
11/8/2020,06,07,1,0,35,
11/8/2020,06,09,1,0,35,
11/8/2020,06,12,1,0,35,
11/8/2020,06,12,1,0,35,
11/8/2020,06,13,1,0,35,
11/8/2020,06,13,1,0,35,
11/8/2020,06,14,1,0,35,
11/8/2020,06,14,2,0,35,
11/8/2020,06,15,2,0,35,
11/8/2020,06,15,1,0,35,
11/8/2020,06,16,2,0,35,
11/8/2020,06,18,1,0,35,
11/8/2020,06,23,1,0,36,
11/8/2020,06,23,1,0,36,
11/8/2020,06,24,1,0,36,
11/8/2020,06,25,1,0,36,
11/8/2020,06,25,2,0,36,
11/8/2020,06,26,1,0,36,
11/8/2020,06,27,1,0,37,
11/8/2020,06,28,1,0,37,
11/8/2020,06,29,1,0,37,
11/8/2020,06,30,1,0,37,
11/8/2020,06,31,2,0,37,
11/8/2020,06,34,1,0,37,
11/8/2020,06,37,1,0,37,
11/8/2020,06,39,1,0,37,
11/8/2020,06,41,1,0,37,
11/8/2020,06,42,1,0,36,
11/8/2020,06,42,1,0,36,
11/8/2020,06,43,1,0,36,
11/8/2020,06,46,1,0,36,
11/8/2020,06,46,1,0,36,
11/8/2020,06,50,1,0,36,
11/8/2020,06,56,1,0,36,
11/8/2020,06,57,1,0,36,
11/8/2020,06,57,1,0,36,
11/8/2020,06,59,1,0,36,
11/8/2020,07,03,1,0,35,
11/8/2020,07,03,1,0,35,
11/8/2020,07,04,1,0,35,
11/8/2020,07,04,1,0,35,
11/8/2020,07,05,2,0,35,
11/8/2020,07,14,1,0,35,
11/8/2020,07,15,1,0,35,
11/8/2020,07,15,1,0,34,
11/8/2020,07,18,1,0,34,
11/8/2020,07,18,1,0,34,
11/8/2020,07,19,1,0,34,
11/8/2020,07,19,1,0,34,
11/8/2020,07,20,1,0,34,
11/8/2020,07,20,1,0,34,
11/8/2020,07,21,1,0,34,
11/8/2020,07,22,1,0,34,
11/8/2020,07,30,1,0,32,
11/9/2020,08,55,1,0,22,
11/9/2020,09,05,1,0,23,
11/9/2020,09,15,1,0,24,
11/9/2020,09,23,1,0,25,
11/9/2020,09,25,1,0,25,
11/9/2020,09,32,1,0,26,
11/9/2020,10,20,1,0,29,
11/9/2020,10,52,1,0,29,
11/9/2020,10,53,1,0,29,
11/9/2020,10,54,1,0,29,
11/9/2020,10,56,1,0,30,
11/9/2020,11,08,1,0,30,
11/9/2020,11,08,1,0,30,
11/9/2020,11,14,1,0,30,
11/9/2020,11,14,1,0,30,
11/9/2020,11,18,1,0,30,
11/9/2020,11,19,1,0,30,
11/9/2020,11,19,1,0,30,
11/9/2020,11,27,1,0,30,
11/9/2020,11,30,1,0,31,
11/9/2020,11,38,1,0,31,
11/9/2020,11,39,1,0,31,
11/9/2020,11,39,2,0,31,
11/9/2020,11,42,1,0,31,
11/9/2020,11,43,1,0,31,
11/9/2020,11,59,1,0,32,
11/9/2020,12,09,1,0,32,
11/9/2020,12,09,1,0,32,
11/9/2020,12,23,1,0,33,
11/9/2020,12,26,1,0,33,
11/9/2020,12,26,1,0,33,
11/9/2020,12,30,1,0,33,
11/9/2020,12,31,1,0,33,
11/9/2020,12,31,1,0,33,
11/9/2020,12,32,1,0,33,
11/9/2020,12,33,1,0,33,
11/9/2020,12,33,1,0,33,
11/9/2020,12,39,1,0,33,
11/9/2020,12,43,1,0,33,
11/9/2020,12,46,1,0,33,
11/9/2020,12,50,1,0,33,
11/9/2020,12,50,1,0,34,
11/9/2020,12,59,1,0,34,
11/9/2020,01,04,1,0,34,
11/9/2020,01,05,1,0,34,
11/9/2020,01,17,1,0,35,
11/9/2020,01,17,1,0,35,
11/9/2020,01,18,2,0,35,
11/9/2020,01,18,2,0,35,
11/9/2020,01,19,1,0,35,
11/9/2020,01,19,1,0,35,
11/9/2020,01,20,2,0,35,
11/9/2020,01,20,1,0,35,
11/9/2020,01,21,1,0,35,
11/9/2020,01,31,1,0,35,
11/9/2020,01,43,1,0,35,
11/9/2020,01,44,2,0,35,
11/9/2020,01,47,1,0,36,
11/9/2020,01,47,1,0,36,
11/9/2020,01,48,1,0,36,
11/9/2020,01,49,1,0,36,
11/9/2020,01,50,1,0,36,
11/9/2020,01,50,1,0,36,
11/9/2020,01,52,1,0,36,
11/9/2020,01,52,1,0,36,
11/9/2020,01,55,1,0,36,
11/9/2020,01,59,1,0,36,
11/9/2020,02,07,1,0,37,
11/9/2020,02,08,1,0,37,
11/9/2020,02,12,1,0,37,
11/9/2020,02,13,2,0,37,
11/9/2020,02,14,1,0,37,
11/9/2020,02,19,1,0,37,
11/9/2020,02,19,1,0,37,
11/9/2020,02,20,1,0,37,
11/9/2020,02,22,1,0,37,
11/9/2020,02,23,1,0,37,
11/9/2020,02,24,1,0,37,
11/9/2020,02,24,1,0,37,
11/9/2020,02,25,1,0,37,
11/9/2020,02,25,1,0,37,
11/9/2020,02,26,1,0,37,
11/9/2020,02,26,1,0,37,
11/9/2020,02,27,1,0,37,
11/9/2020,02,27,1,0,37,
11/9/2020,02,36,1,0,38,
11/9/2020,02,37,1,0,38,
11/9/2020,02,41,2,0,38,
11/9/2020,02,42,1,0,38,
11/9/2020,02,43,1,0,38,
11/9/2020,02,44,2,0,38,
11/9/2020,02,45,1,0,38,
11/9/2020,02,45,1,0,38,
11/9/2020,02,46,1,0,38,
11/9/2020,02,47,1,0,38,
11/9/2020,02,48,1,0,38,
11/9/2020,02,52,1,0,38,
11/9/2020,02,55,1,0,38,
11/9/2020,02,57,2,0,38,
11/9/2020,02,58,1,0,38,
11/9/2020,02,59,1,0,38,
11/9/2020,03,02,1,0,38,
11/9/2020,03,03,1,0,38,
11/9/2020,03,06,1,0,38,
11/9/2020,03,07,1,0,38,
11/9/2020,03,08,2,0,38,
11/9/2020,03,08,2,0,38,
11/9/2020,03,09,2,0,38,
11/9/2020,03,09,2,0,38,
11/9/2020,03,10,1,0,38,
11/9/2020,03,10,1,0,38,
11/9/2020,03,14,1,0,38,
11/9/2020,03,15,1,0,38,
11/9/2020,03,20,1,0,38,
11/9/2020,03,22,1,0,39,
11/9/2020,03,22,1,0,39,
11/9/2020,03,29,1,0,39,
11/9/2020,03,40,1,0,40,
11/9/2020,03,41,1,0,40,
11/9/2020,03,41,1,0,40,
11/9/2020,03,47,1,0,39,
11/9/2020,03,48,1,0,39,
11/9/2020,03,49,2,0,39,
11/9/2020,03,49,1,0,39,
11/9/2020,03,49,1,0,39,
11/9/2020,03,50,1,0,39,
11/9/2020,03,51,1,0,39,
11/9/2020,03,54,1,0,39,
11/9/2020,03,55,1,0,39,
11/9/2020,03,58,1,0,39,
11/9/2020,03,59,1,0,39,
11/9/2020,03,59,2,0,39,
11/9/2020,04,00,1,0,39,
11/9/2020,04,00,1,0,39,
11/9/2020,04,06,1,0,38,
11/9/2020,04,07,1,0,38,
11/9/2020,04,08,1,0,38,
11/9/2020,04,08,1,0,38,
11/9/2020,04,09,1,0,38,
11/9/2020,04,10,1,0,38,
11/9/2020,04,10,1,0,38,
11/9/2020,04,11,1,0,38,
11/9/2020,04,11,1,0,38,
11/9/2020,04,17,1,0,38,
11/9/2020,04,18,1,0,38,
11/9/2020,04,20,1,0,38,
11/9/2020,04,20,1,0,38,
11/9/2020,04,23,1,0,38,
11/9/2020,04,24,1,0,38,
11/9/2020,04,24,1,0,38,
11/9/2020,04,25,1,0,38,
11/9/2020,04,26,1,0,38,
11/9/2020,04,27,1,0,38,
11/9/2020,04,27,1,0,38,
11/9/2020,04,30,1,0,38,
11/9/2020,04,31,1,0,38,
11/9/2020,04,35,1,0,37,
11/9/2020,04,35,1,0,37,
11/9/2020,04,39,1,0,37,
11/9/2020,04,39,1,0,37,
11/9/2020,04,40,1,0,37,
11/9/2020,04,44,1,0,36,
11/9/2020,04,44,1,0,36,
11/9/2020,04,47,1,0,36,
11/9/2020,04,47,1,0,36,
11/9/2020,04,48,2,0,36,
11/9/2020,04,48,1,0,36,
11/9/2020,04,49,1,0,36,
11/9/2020,04,55,1,0,36,
11/9/2020,04,57,1,0,35,
11/9/2020,04,58,1,0,35,
11/9/2020,04,58,1,0,35,
11/9/2020,04,59,1,0,35,
11/9/2020,05,00,1,0,35,
11/9/2020,05,01,1,0,35,
11/9/2020,05,01,1,0,35,
11/9/2020,05,05,2,0,35,
11/9/2020,05,06,2,0,35,
11/9/2020,05,07,1,0,35,
11/9/2020,05,07,1,0,35,
11/9/2020,05,08,1,0,35,
11/9/2020,05,11,1,0,35,
11/9/2020,05,14,1,0,35,
11/9/2020,05,15,1,0,35,
11/9/2020,05,16,1,0,35,
11/9/2020,05,17,1,0,35,
11/9/2020,05,24,1,0,34,
11/9/2020,05,24,1,0,34,
11/9/2020,05,25,1,0,34,
11/9/2020,05,27,1,0,34,
11/9/2020,05,27,1,0,34,
11/9/2020,05,31,1,0,34,
11/9/2020,05,32,1,0,34,
11/9/2020,05,34,1,0,34,
11/9/2020,05,34,1,0,34,
11/9/2020,05,35,1,0,34,
11/9/2020,05,42,2,0,34,
11/9/2020,05,43,1,0,34,
11/9/2020,05,43,1,0,34,
11/9/2020,05,46,1,0,34,
11/9/2020,05,52,1,0,37,
11/9/2020,05,53,1,0,37,
11/9/2020,05,53,1,0,37,
11/9/2020,05,57,1,0,37,
11/9/2020,05,57,2,0,38,
11/9/2020,05,58,1,0,38,
11/9/2020,05,58,2,0,38,
11/9/2020,05,59,1,0,38,
11/9/2020,06,00,1,0,39,
11/9/2020,06,00,1,0,39,
11/9/2020,06,01,1,0,39,
11/9/2020,06,08,1,0,40,
11/9/2020,06,09,1,0,40,
11/9/2020,06,13,1,0,40,
11/9/2020,06,16,1,0,41,
11/9/2020,06,17,1,0,41,
11/9/2020,06,23,1,0,41,
11/9/2020,06,24,1,0,41,
11/9/2020,06,24,1,0,41,
11/9/2020,06,25,1,0,41,
11/9/2020,06,29,1,0,41,
11/9/2020,06,30,2,0,41,
11/9/2020,06,30,1,0,41,
11/9/2020,06,32,1,0,41,
11/9/2020,06,32,1,0,41,
11/9/2020,06,34,1,0,41,
11/9/2020,06,42,1,0,41,
11/9/2020,06,42,2,0,41,
11/9/2020,06,43,1,0,41,
11/9/2020,06,43,1,0,41,
11/9/2020,06,44,1,0,41,
11/9/2020,06,49,1,0,41,
11/9/2020,06,50,1,0,40,
11/9/2020,06,50,1,0,40,
11/9/2020,06,51,1,0,40,
11/9/2020,06,51,1,0,40,
11/9/2020,06,52,1,0,40,
11/9/2020,06,52,2,0,40,
11/9/2020,06,53,1,0,40,
11/9/2020,06,53,1,0,40,
11/9/2020,06,54,2,0,40,
11/9/2020,06,54,2,0,40,
11/9/2020,06,55,2,0,40,
11/9/2020,06,57,1,0,40,
11/9/2020,07,04,1,0,40,
11/9/2020,07,09,1,1,40,
11/9/2020,07,16,1,0,39,
11/9/2020,07,17,2,0,39,
11/9/2020,07,22,1,0,38,
11/9/2020,07,23,1,0,38,
11/9/2020,07,23,1,0,37,
11/9/2020,07,24,1,0,37,
11/9/2020,07,24,1,0,37,
11/9/2020,07,25,1,0,37,
11/9/2020,07,26,1,0,37,
11/9/2020,07,27,1,0,37,
11/9/2020,07,30,1,0,36,
11/9/2020,07,39,1,0,35,
11/9/2020,07,41,1,0,34,
11/9/2020,07,46,1,0,33,
11/9/2020,07,47,1,0,33,
11/9/2020,07,47,1,0,33,
11/10/2020,11,17,1,0,30,
11/10/2020,11,17,1,0,30,
11/10/2020,11,26,1,0,30,
11/10/2020,11,30,1,0,30,
11/10/2020,12,01,1,0,31,
11/10/2020,12,09,1,0,31,
11/10/2020,12,13,1,0,32,
11/10/2020,12,16,1,0,32,
11/10/2020,12,30,1,0,32,
11/10/2020,12,37,1,0,33,
11/10/2020,12,40,1,0,33,
11/10/2020,12,40,1,0,33,
11/10/2020,12,53,1,0,33,
11/10/2020,12,56,1,0,33,
11/10/2020,12,56,1,0,33,
11/10/2020,01,38,1,0,35,
11/10/2020,01,39,1,0,35,
11/10/2020,01,40,1,0,35,
11/10/2020,01,40,1,0,35,
11/10/2020,01,41,1,0,35,
11/10/2020,01,42,1,0,35,
11/10/2020,01,43,1,0,35,
11/10/2020,01,44,1,0,35,
11/10/2020,01,45,1,0,35,
11/10/2020,01,48,1,0,35,
11/10/2020,01,49,1,0,35,
11/10/2020,02,06,1,0,35,
11/10/2020,02,08,1,0,35,
11/10/2020,02,10,1,0,35,
11/10/2020,02,14,1,0,36,
11/10/2020,02,14,1,0,36,
11/10/2020,02,15,1,0,36,
11/10/2020,02,15,1,0,36,
11/10/2020,02,20,1,0,36,
11/10/2020,02,23,1,0,36,
11/10/2020,02,23,1,0,36,
11/10/2020,12,24,1,0,36,
11/10/2020,02,37,1,0,36,
11/10/2020,02,41,1,0,36,
11/10/2020,02,43,1,0,36,
11/10/2020,02,43,1,0,36,
11/10/2020,02,44,1,0,36,
11/10/2020,02,45,1,0,36,
11/10/2020,02,45,2,0,36,
11/10/2020,02,46,1,0,36,
11/10/2020,02,46,1,0,36,
11/10/2020,02,49,1,0,36,
11/10/2020,02,54,1,0,36,
11/10/2020,02,56,1,0,36,
11/10/2020,02,56,1,0,36,
11/10/2020,02,59,1,0,36,
11/10/2020,03,05,1,0,37,
11/10/2020,03,06,1,0,37,
11/10/2020,03,20,1,0,37,
11/10/2020,03,23,1,0,37,
11/10/2020,03,29,1,0,37,
11/10/2020,03,34,1,0,38,
11/10/2020,03,34,1,0,38,
11/10/2020,03,35,2,0,38,
11/10/2020,03,35,2,0,38,
11/10/2020,03,43,1,0,38,
11/10/2020,03,43,1,0,38,
11/10/2020,03,44,1,0,38,
11/10/2020,03,44,1,0,38,
11/10/2020,03,45,1,0,38,
11/10/2020,03,46,2,0,38,
11/10/2020,03,56,1,0,37,
11/10/2020,03,57,1,0,37,
11/10/2020,05,58,1,0,37,
11/10/2020,03,59,1,0,37,
11/10/2020,03,59,2,0,37,
11/10/2020,04,03,1,0,37,
11/10/2020,04,06,1,0,37,
11/10/2020,04,07,1,0,37,
11/10/2020,04,07,1,0,37,
11/10/2020,04,08,1,0,36,
11/10/2020,04,10,1,0,36,
11/10/2020,04,15,1,0,36,
11/10/2020,04,16,1,0,36,
11/10/2020,04,17,1,0,36,
11/10/2020,04,20,1,0,37,
11/10/2020,04,20,1,0,37,
11/10/2020,04,21,1,0,37,
11/10/2020,04,21,1,0,37,
11/10/2020,04,27,1,0,37,
11/10/2020,04,27,1,0,37,
11/10/2020,04,31,1,0,37,
11/10/2020,04,32,1,0,37,
11/10/2020,04,32,2,0,37,
11/10/2020,04,33,2,0,37,
11/10/2020,04,33,1,0,38,
11/10/2020,04,34,1,0,38,
11/10/2020,04,35,1,0,38,
11/10/2020,04,35,1,0,38,
11/10/2020,04,37,1,0,38,
11/10/2020,04,41,1,0,38,
11/10/2020,04,41,1,0,38,
11/10/2020,04,42,1,0,38,
11/10/2020,04,47,1,0,38,
11/10/2020,04,55,1,0,39,
11/10/2020,04,56,1,0,39,
11/10/2020,04,57,2,0,39,
11/10/2020,04,58,2,0,39,
11/10/2020,05,03,1,0,39,
11/10/2020,05,13,1,0,39,
11/10/2020,05,14,1,0,39,
11/10/2020,05,15,1,0,39,
11/10/2020,05,15,1,0,39,
11/10/2020,05,16,1,0,39,
11/10/2020,05,19,1,0,39,
11/10/2020,05,19,1,0,39,
11/10/2020,05,20,1,0,39,
11/10/2020,05,20,1,0,39,
11/10/2020,05,21,1,0,39,
11/10/2020,05,24,1,0,39,
11/10/2020,05,25,1,0,39,
11/10/2020,05,26,1,0,39,
11/10/2020,05,28,1,0,39,
11/10/2020,05,29,2,0,39,
11/10/2020,05,29,1,0,39,
11/10/2020,05,30,1,0,40,
11/10/2020,05,31,1,0,40,
11/10/2020,05,32,1,0,40,
11/10/2020,05,33,1,0,40,
11/10/2020,05,33,1,0,40,
11/10/2020,05,37,1,0,40,
11/10/2020,05,37,1,0,40,
11/10/2020,05,38,2,0,40,
11/10/2020,05,38,1,0,40,
11/10/2020,05,40,1,0,40,
11/10/2020,05,42,1,0,40,
11/10/2020,05,42,1,0,40,
11/10/2020,05,43,1,0,40,
11/10/2020,05,45,1,0,40,
11/10/2020,05,47,1,0,40,
11/10/2020,05,47,1,0,40,
11/10/2020,05,50,1,0,40,
11/10/2020,05,51,1,0,40,
11/10/2020,05,51,1,0,40,
11/10/2020,05,52,1,0,40,
11/10/2020,05,52,1,0,40,
11/10/2020,05,53,1,0,40,
11/10/2020,05,54,2,0,40,
11/10/2020,05,54,1,0,40,
11/10/2020,05,56,1,0,40,
11/10/2020,05,57,1,0,40,
11/10/2020,05,58,1,0,40,
11/10/2020,05,58,1,0,40,
11/10/2020,06,12,1,0,40,
11/10/2020,06,13,1,0,40,
11/10/2020,06,14,1,0,40,
11/10/2020,06,15,1,0,40,
11/10/2020,06,15,1,0,39,
11/10/2020,06,16,2,0,39,
11/10/2020,06,16,1,0,39,
11/10/2020,06,28,1,0,36,
11/10/2020,06,29,1,0,36,
11/10/2020,06,29,1,0,36,
11/10/2020,06,31,1,0,36,
11/10/2020,06,34,1,0,35,
11/10/2020,06,36,1,0,35,
11/10/2020,06,44,1,0,34,
11/10/2020,06,55,1,0,33,
11/10/2020,06,56,1,0,33,
11/10/2020,06,56,1,0,33,
11/10/2020,06,57,1,0,33,
11/10/2020,06,57,2,0,33,
11/10/2020,07,05,1,0,32,
11/10/2020,07,08,1,0,32,
11/10/2020,07,09,1,0,32,
11/10/2020,07,09,1,0,32,
11/10/2020,07,10,1,0,32,
11/10/2020,07,10,1,0,32,
11/10/2020,07,11,1,0,32,
11/10/2020,07,12,1,0,32,
11/10/2020,07,13,1,0,32,
11/10/2020,07,13,1,0,32,
11/10/2020,07,14,1,0,32,
11/10/2020,07,14,1,0,32,
11/10/2020,07,15,1,0,32,
11/10/2020,07,15,1,0,31,
11/10/2020,07,16,1,0,31,
11/10/2020,07,16,1,0,31,
11/10/2020,07,32,1,0,31,
11/10/2020,07,33,1,0,31,
11/10/2020,07,38,1,0,30,
11/10/2020,07,49,1,0,30,
11/10/2020,07,49,1,0,30,
11/10/2020,07,50,1,0,30,
11/10/2020,07,50,1,0,30,
11/10/2020,07,51,1,0,29,
11/10/2020,07,51,1,0,29,
11/10/2020,07,52,1,0,29,
11/10/2020,07,52,1,0,29,
11/10/2020,07,53,1,0,29,
11/10/2020,07,54,1,0,29,
11/10/2020,07,54,1,0,29,
11/10/2020,07,55,1,0,29,
11/11/2020,07,51,0,1,19,
11/11/2020,09,01,0,1,25,
11/11/2020,10,18,1,0,30,
11/11/2020,10,18,1,0,30,
11/11/2020,10,19,1,0,30,
11/11/2020,10,19,1,0,30,
11/11/2020,10,28,1,0,31,
11/11/2020,10,33,1,0,31,
11/11/2020,10,34,1,0,31,
11/11/2020,10,34,1,0,31,
11/11/2020,10,35,2,0,31,
11/11/2020,10,35,1,0,31,
11/11/2020,10,36,1,0,31,
11/11/2020,10,45,1,0,31,
11/11/2020,10,45,2,0,31,
11/11/2020,11,01,1,0,31,
11/11/2020,11,02,1,0,31,
11/11/2020,11,02,1,0,31,
11/11/2020,11,03,1,0,31,
11/11/2020,11,03,2,0,31,
11/11/2020,11,04,1,0,31,
11/11/2020,11,05,1,0,31,
11/11/2020,11,06,1,0,31,
11/11/2020,11,07,1,0,31,
11/11/2020,11,16,1,0,31,
11/11/2020,11,17,1,0,31,
11/11/2020,11,23,1,0,31,
11/11/2020,11,24,1,0,31,
11/11/2020,11,24,1,0,31,
11/11/2020,11,25,1,0,31,
11/11/2020,11,27,1,0,31,
11/11/2020,11,30,1,0,31,
11/11/2020,11,40,1,0,32,
11/11/2020,11,41,1,0,32,
11/11/2020,11,41,1,0,32,
11/11/2020,11,42,1,0,32,
11/11/2020,11,42,1,0,32,
11/11/2020,11,43,1,0,32,
11/11/2020,11,46,1,0,32,
11/11/2020,11,46,1,0,32,
11/11/2020,11,48,1,0,32,
11/11/2020,11,54,1,0,32,
11/11/2020,11,55,1,0,32,
11/11/2020,11,59,1,0,32,
11/11/2020,11,59,1,0,32,
11/11/2020,12,00,1,0,32,
11/11/2020,12,02,1,0,32,
11/11/2020,12,03,1,0,32,
11/11/2020,12,03,1,0,32,
11/11/2020,12,05,1,0,32,
11/11/2020,12,06,1,0,33,
11/11/2020,12,09,1,0,33,
11/11/2020,12,12,1,0,33,
11/11/2020,12,25,1,0,33,
11/11/2020,12,26,1,0,33,
11/11/2020,12,35,1,0,34,
11/11/2020,12,35,2,0,34,
11/11/2020,12,36,1,0,34,
11/11/2020,12,37,1,0,34,
11/11/2020,12,37,1,0,34,
11/11/2020,12,41,1,0,34,
11/11/2020,12,43,1,0,34,
11/11/2020,12,43,2,0,34,
11/11/2020,12,44,1,0,34,
11/11/2020,12,44,1,0,34,
11/11/2020,12,48,1,0,34,
11/11/2020,12,48,1,0,34,
11/11/2020,01,08,1,0,34,
11/11/2020,01,08,1,0,34,
11/11/2020,01,10,1,0,34,
11/11/2020,01,11,1,0,34,
11/11/2020,01,11,1,0,34,
11/11/2020,01,12,1,0,34,
11/11/2020,01,12,2,0,34,
11/11/2020,01,13,1,0,34,
11/11/2020,01,14,1,0,34,
11/11/2020,01,14,1,0,34,
11/11/2020,01,15,1,0,34,
11/11/2020,01,16,1,0,34,
11/11/2020,01,17,1,0,34,
11/11/2020,01,17,1,0,34,
11/11/2020,01,18,1,0,34,
11/11/2020,01,18,1,0,34,
11/11/2020,01,19,1,0,34,
11/11/2020,01,32,1,0,35,
11/11/2020,01,33,1,0,35,
11/11/2020,01,33,1,0,35,
11/11/2020,01,34,1,0,35,
11/11/2020,01,36,1,0,35,
11/11/2020,01,37,1,0,35,
11/11/2020,01,43,1,0,35,
11/11/2020,01,46,1,0,35,
11/11/2020,01,47,1,0,35,
11/11/2020,01,47,1,0,35,
11/11/2020,01,48,1,0,35,
11/11/2020,01,49,1,0,35,
11/11/2020,01,50,1,0,35,
11/11/2020,01,53,1,0,35,
11/11/2020,01,53,1,0,35,
11/11/2020,01,54,1,0,35,
11/11/2020,02,00,1,0,36,
11/11/2020,02,01,1,0,36,
11/11/2020,02,01,1,0,36,
11/11/2020,02,02,1,0,36,
11/11/2020,02,02,1,0,36,
11/11/2020,02,03,1,0,36,
11/11/2020,02,04,1,0,36,
11/11/2020,02,05,1,0,36,
11/11/2020,02,12,1,0,36,
11/11/2020,02,16,1,0,36,
11/11/2020,02,17,1,0,36,
11/11/2020,02,19,1,0,36,
11/11/2020,02,26,1,0,36,
11/11/2020,02,28,1,0,36,
11/11/2020,02,29,1,0,36,
11/11/2020,02,30,1,0,36,
11/11/2020,02,41,2,0,36,
11/11/2020,02,31,3,0,36,
11/11/2020,02,32,2,0,36,
11/11/2020,02,43,1,0,36,
11/11/2020,02,44,1,0,36,
11/11/2020,02,47,1,0,37,
11/11/2020,02,51,1,0,37,
11/11/2020,02,51,1,0,37,
11/11/2020,03,03,1,0,37,
11/11/2020,03,03,2,0,37,
11/11/2020,03,04,1,0,37,
11/11/2020,03,05,1,0,37,
11/11/2020,03,05,1,0,37,
11/11/2020,03,06,1,0,37,
11/11/2020,03,06,1,0,37,
11/11/2020,03,08,1,0,37,
11/11/2020,03,08,1,0,37,
11/11/2020,03,19,1,0,38,
11/11/2020,03,22,1,0,38,
11/11/2020,03,25,1,0,38,
11/11/2020,03,27,1,0,38,
11/11/2020,03,30,1,0,38,
11/11/2020,03,32,2,0,38,
11/11/2020,03,32,1,0,38,
11/11/2020,03,33,1,0,38,
11/11/2020,03,34,1,0,38,
11/11/2020,03,35,1,0,38,
11/11/2020,03,37,1,0,38,
11/11/2020,03,38,1,0,38,
11/11/2020,03,39,1,0,38,
11/11/2020,03,42,1,0,38,
11/11/2020,03,43,1,0,38,
11/11/2020,03,43,1,0,38,
11/11/2020,03,44,2,0,38,
11/11/2020,03,48,0,1,38,
11/11/2020,03,48,0,1,38,
11/11/2020,03,49,0,1,38,
11/11/2020,03,49,0,1,38,
11/11/2020,03,50,0,1,38,
11/11/2020,03,50,1,0,38,
11/11/2020,03,51,2,0,38,
11/11/2020,03,55,1,0,38,
11/11/2020,03,56,1,0,38,
11/11/2020,04,00,1,0,37,
11/11/2020,04,04,1,0,37,
11/11/2020,04,10,1,0,37,
11/11/2020,04,10,2,0,37,
11/11/2020,04,11,1,0,37,
11/11/2020,04,12,1,0,37,
11/11/2020,04,13,1,0,37,
11/11/2020,04,19,1,0,37,
11/11/2020,04,20,1,0,37,
11/11/2020,04,22,1,0,37,
11/11/2020,04,24,1,0,37,
11/11/2020,04,24,1,0,37,
11/11/2020,04,25,1,0,37,
11/11/2020,04,32,1,0,38,
11/11/2020,04,33,1,0,38,
11/11/2020,04,33,1,0,38,
11/11/2020,04,34,1,0,38,
11/11/2020,04,35,1,0,38,
11/11/2020,04,44,1,0,39,
11/11/2020,04,45,1,0,39,
11/11/2020,04,45,2,0,39,
11/11/2020,04,46,1,0,39,
11/11/2020,04,49,1,0,39,
11/11/2020,04,50,1,0,39,
11/11/2020,04,51,1,0,39,
11/11/2020,04,52,1,0,39,
11/11/2020,04,52,1,0,39,
11/11/2020,04,53,1,0,39,
11/11/2020,05,00,1,0,40,
11/11/2020,05,02,1,0,40,
11/11/2020,05,04,1,0,40,
11/11/2020,05,19,1,0,41,
11/11/2020,05,20,1,0,41,
11/11/2020,05,23,1,0,41,
11/11/2020,05,24,1,0,41,
11/11/2020,05,25,1,0,41,
11/11/2020,05,25,1,0,41,
11/11/2020,05,26,1,0,41,
11/11/2020,05,27,1,0,41,
11/11/2020,05,27,1,0,41,
11/11/2020,05,28,1,0,41,
11/11/2020,05,30,1,0,41,
11/11/2020,05,31,1,0,41,
11/11/2020,05,32,1,0,41,
11/11/2020,05,35,1,0,41,
11/11/2020,05,36,2,0,41,
11/11/2020,05,36,1,0,41,
11/11/2020,05,40,1,0,41,
11/11/2020,05,41,1,0,41,
11/11/2020,05,42,1,0,41,
11/11/2020,05,43,2,0,41,
11/11/2020,05,44,1,0,41,
11/11/2020,05,44,1,0,41,
11/11/2020,05,45,2,0,42,
11/11/2020,05,57,1,1,42,
11/11/2020,05,58,0,1,42,
11/11/2020,06,00,1,0,42,
11/11/2020,06,01,1,0,42,
11/11/2020,06,03,1,0,42,
11/11/2020,06,04,1,0,42,
11/11/2020,06,04,1,0,42,
11/11/2020,06,10,1,0,42,
11/11/2020,06,10,1,0,42,
11/11/2020,06,11,1,0,42,
11/11/2020,06,12,1,0,42,
11/11/2020,06,13,1,0,42,
11/11/2020,06,16,0,1,41,
11/11/2020,06,23,1,0,40,
11/11/2020,06,24,1,0,40,
11/11/2020,06,24,1,0,40,
11/11/2020,06,25,1,0,40,
11/11/2020,06,25,1,0,40,
11/11/2020,06,27,2,0,40,
11/11/2020,06,27,1,0,40,
11/11/2020,06,28,1,0,40,
11/11/2020,06,43,1,0,40,
11/11/2020,06,47,1,0,40,
11/11/2020,06,50,2,0,40,
11/11/2020,06,50,1,0,40,
11/11/2020,06,51,1,0,40,
11/11/2020,06,55,1,0,40,
11/11/2020,06,57,1,0,40,
11/11/2020,06,58,1,0,40,
11/11/2020,07,00,1,0,40,
11/11/2020,07,01,2,0,40,
11/11/2020,07,01,1,0,40,
11/11/2020,07,02,1,0,39,
11/11/2020,07,03,1,0,39,
11/11/2020,07,04,2,0,39,
11/11/2020,07,09,1,0,39,
11/11/2020,07,10,1,0,39,
11/11/2020,07,10,1,0,39,
11/11/2020,07,17,1,0,38,
11/11/2020,07,17,1,0,38,
11/11/2020,07,18,1,0,38,
11/11/2020,07,18,1,0,38,
11/11/2020,07,19,1,0,38,
11/11/2020,07,24,1,0,37,
11/11/2020,07,25,0,1,37,
11/11/2020,07,26,0,1,37,
11/11/2020,07,27,0,1,37,
11/11/2020,07,27,0,1,36,
11/11/2020,07,28,0,1,36,
11/11/2020,07,29,1,0,36,
11/11/2020,07,30,1,0,36,
11/11/2020,07,51,1,0,33,
11/12/2020,07,00,0,1,16,
11/12/2020,07,00,0,1,16,
11/12/2020,07,01,0,1,16,
11/12/2020,07,01,0,1,17,
11/12/2020,07,02,0,1,17,
11/12/2020,07,02,0,1,17,
11/12/2020,07,03,0,1,17,
11/12/2020,07,03,0,1,17,
11/12/2020,07,04,0,1,17,
11/12/2020,07,04,0,1,17,
11/12/2020,07,05,0,1,17,
11/12/2020,07,05,0,1,17,
11/12/2020,07,06,0,1,17,
11/12/2020,07,06,0,1,17,
11/12/2020,07,07,0,1,17,
11/12/2020,07,07,0,1,17,
11/12/2020,07,08,0,1,17,
11/12/2020,07,08,0,1,17,
11/12/2020,07,09,0,1,17,
11/12/2020,07,09,0,1,17,
11/12/2020,07,10,0,1,17,
11/12/2020,07,10,0,1,17,
11/12/2020,07,11,0,1,17,
11/12/2020,07,11,0,1,17,
11/12/2020,07,12,0,1,17,
11/12/2020,07,12,0,1,17,
11/12/2020,07,13,0,1,17,
11/12/2020,07,13,0,1,17,
11/12/2020,07,14,0,1,17,
11/12/2020,07,14,0,1,17,
11/12/2020,07,15,0,1,17,
11/12/2020,07,15,0,1,17,
11/12/2020,07,16,0,1,17,
11/12/2020,07,16,0,1,17,
11/12/2020,07,17,0,1,17,
11/12/2020,07,17,0,1,17,
11/12/2020,07,18,0,1,17,
11/12/2020,07,18,0,1,17,
11/12/2020,07,19,0,1,17,
11/12/2020,07,19,0,1,17,
11/12/2020,07,20,0,1,17,
11/12/2020,07,20,0,1,17,
11/12/2020,07,21,0,1,17,
11/12/2020,07,21,0,1,17,
11/12/2020,07,22,0,1,17,
11/12/2020,07,22,0,1,17,
11/12/2020,07,23,0,1,17,
11/12/2020,07,23,0,1,17,
11/12/2020,07,24,0,1,17,
11/12/2020,07,24,0,1,17,
11/12/2020,07,25,0,1,18,
11/12/2020,07,25,0,1,18,
11/12/2020,07,26,0,1,18,
11/12/2020,07,26,0,1,18,
11/12/2020,07,27,0,2,19,
11/12/2020,07,27,0,1,19,
11/12/2020,07,28,0,1,19,
11/12/2020,07,28,0,1,19,
11/12/2020,07,29,0,1,19,
11/12/2020,07,29,0,1,19,
11/12/2020,07,30,0,1,19,
11/12/2020,07,30,0,1,19,
11/12/2020,07,31,0,1,19,
11/12/2020,07,31,0,1,19,
11/12/2020,07,32,0,1,19,
11/12/2020,07,32,0,1,19,
11/12/2020,07,33,0,1,19,
11/12/2020,07,33,0,1,19,
11/12/2020,07,34,0,1,19,
11/12/2020,07,34,0,1,19,
11/12/2020,07,35,0,1,19,
11/12/2020,07,35,0,1,19,
11/12/2020,07,36,0,1,19,
11/12/2020,07,36,0,1,19,
11/12/2020,07,37,0,1,19,
11/12/2020,07,37,0,1,19,
11/12/2020,07,38,0,1,19,
11/12/2020,07,38,0,1,19,
11/12/2020,07,39,0,1,19,
11/12/2020,07,39,0,1,19,
11/12/2020,07,40,0,1,19,
11/12/2020,07,40,0,1,19,
11/12/2020,07,41,0,1,20,
11/12/2020,07,41,0,1,20,
11/12/2020,07,42,0,1,20,
11/12/2020,07,42,0,1,20,
11/12/2020,07,43,0,1,20,
11/12/2020,07,43,0,1,20,
11/12/2020,07,44,0,2,20,
11/12/2020,07,44,0,2,20,
11/12/2020,07,45,0,2,20,
11/12/2020,07,45,0,2,20,
11/12/2020,07,46,0,2,20,
11/12/2020,07,46,0,2,20,
11/12/2020,07,47,0,2,20,
11/12/2020,07,47,0,1,20,
11/12/2020,07,48,0,1,20,
11/12/2020,07,48,0,1,20,
11/12/2020,07,49,0,1,21,
11/12/2020,07,49,0,1,21,
11/12/2020,07,50,0,1,21,
11/12/2020,07,54,0,1,21,
11/12/2020,07,55,0,1,21,
11/12/2020,07,55,0,1,21,
11/12/2020,07,56,0,1,21,
11/12/2020,07,56,0,1,21,
11/12/2020,07,57,0,1,22,
11/12/2020,07,57,0,1,22,
11/12/2020,07,58,0,1,22,
11/12/2020,07,58,0,1,22,
11/12/2020,07,59,0,1,22,
11/12/2020,07,59,0,1,22,
11/12/2020,08,00,0,1,22,
11/12/2020,08,00,0,1,22,
11/12/2020,08,01,0,1,22,
11/12/2020,08,01,0,1,22,
11/12/2020,08,02,0,1,22,
11/12/2020,08,02,0,1,23,
11/12/2020,08,03,0,1,23,
11/12/2020,08,03,0,1,23,
11/12/2020,08,04,0,1,23,
11/12/2020,08,04,0,1,23,
11/12/2020,08,05,0,1,23,
11/12/2020,08,05,0,1,23,
11/12/2020,08,06,0,1,23,
11/12/2020,08,06,0,1,23,
11/12/2020,08,07,0,1,23,
11/12/2020,08,07,0,1,23,
11/12/2020,08,08,0,1,24,
11/12/2020,08,08,0,1,24,
11/12/2020,08,09,0,1,24,
11/12/2020,08,12,0,1,24,
11/12/2020,08,12,0,1,24,
11/12/2020,08,13,0,1,24,
11/12/2020,08,13,0,1,24,
11/12/2020,08,15,0,1,24,
11/12/2020,08,15,0,1,24,
11/12/2020,08,16,0,1,25,
11/12/2020,08,16,0,1,25,
11/12/2020,08,17,0,1,25,
11/12/2020,08,17,0,1,25,
11/12/2020,08,18,0,1,25,
11/12/2020,08,18,0,2,25,
11/12/2020,08,19,0,2,25,
11/12/2020,08,19,0,2,25,
11/12/2020,08,20,0,1,25,
11/12/2020,08,22,0,1,25,
11/12/2020,08,49,1,0,27,
11/12/2020,08,50,1,0,27,
11/12/2020,08,50,1,0,27,
11/12/2020,08,51,1,0,27,
11/12/2020,08,51,1,0,27,
11/12/2020,08,52,1,0,27,
11/12/2020,08,53,1,0,28,
11/12/2020,08,54,1,0,28,
11/12/2020,09,16,1,0,29,
11/12/2020,09,17,1,0,29,
11/12/2020,09,22,1,0,30,
11/12/2020,09,22,1,0,30,
11/12/2020,09,24,1,0,30,
11/12/2020,09,24,1,0,30,
11/12/2020,09,28,1,0,31,
11/12/2020,09,41,1,0,32,
11/12/2020,09,46,1,0,32,
11/12/2020,09,49,1,0,32,
11/12/2020,09,52,1,0,33,
11/12/2020,09,57,1,0,33,
11/12/2020,10,14,1,0,33,
11/12/2020,10,17,1,0,33,
11/12/2020,10,17,1,0,33,
11/12/2020,10,18,1,0,33,
11/12/2020,10,18,1,0,33,
11/12/2020,10,19,1,0,33,
11/12/2020,10,20,1,0,33,
11/12/2020,10,28,1,0,33,
11/12/2020,10,29,1,0,33,
11/12/2020,10,30,1,0,33,
11/12/2020,10,30,1,0,33,
11/12/2020,10,32,1,0,33,
11/12/2020,10,41,0,1,34,
11/12/2020,11,09,1,0,34,
11/12/2020,11,18,1,0,34,
11/12/2020,11,50,1,0,35,
11/12/2020,11,50,1,0,35,
11/12/2020,11,51,1,0,35,
11/12/2020,11,51,1,0,36,
11/12/2020,11,52,1,0,36,
11/12/2020,11,53,1,0,36,
11/12/2020,11,54,1,0,36,
11/12/2020,11,55,1,0,36,
11/12/2020,12,03,1,0,36,
11/12/2020,12,03,1,0,36,
11/12/2020,12,04,1,0,36,
11/12/2020,12,04,1,0,36,
11/12/2020,12,06,1,0,36,
11/12/2020,12,09,1,0,36,
11/12/2020,12,09,1,0,36,
11/12/2020,12,10,1,0,36,
11/12/2020,12,11,1,0,36,
11/12/2020,12,11,1,0,36,
11/12/2020,12,12,1,0,36,
11/12/2020,12,13,2,0,36,
11/12/2020,12,16,1,0,37,
11/12/2020,12,31,1,0,37,
11/12/2020,12,33,1,0,37,
11/12/2020,12,34,1,0,37,
11/12/2020,12,36,1,0,37,
11/12/2020,12,38,1,0,37,
11/12/2020,12,39,1,0,37,
11/12/2020,12,47,1,0,38,
11/12/2020,12,48,1,0,38,
11/12/2020,12,50,1,0,38,
11/12/2020,12,51,1,0,38,
11/12/2020,12,52,1,0,38,
11/12/2020,12,53,1,0,38,
11/12/2020,12,57,1,0,38,
11/12/2020,01,04,1,0,38,
11/12/2020,01,05,1,0,38,
11/12/2020,01,06,1,0,38,
11/12/2020,01,14,1,0,39,
11/12/2020,01,15,1,0,39,
11/12/2020,01,16,1,0,39,
11/12/2020,01,20,1,0,39,
11/12/2020,01,25,1,0,39,
11/12/2020,01,25,1,0,39,
11/12/2020,01,34,1,0,40,
11/12/2020,01,35,1,0,40,
11/12/2020,01,43,1,0,40,
11/12/2020,01,49,1,0,40,
11/12/2020,02,00,1,0,39,
11/12/2020,02,00,1,0,39,
11/12/2020,02,08,1,0,39,
11/12/2020,02,12,1,0,38,
11/12/2020,02,17,1,0,38,
11/12/2020,02,22,1,0,38,
11/12/2020,02,22,1,0,38,
11/12/2020,02,23,1,0,38,
11/12/2020,02,24,1,0,37,
11/12/2020,02,26,1,0,37,
11/12/2020,02,27,1,0,37,
11/12/2020,02,27,1,0,37,
11/12/2020,02,32,1,0,37,
11/12/2020,02,36,1,0,37,
11/12/2020,02,41,1,0,36,
11/12/2020,02,42,1,0,36,
11/12/2020,02,43,1,0,36,
11/12/2020,02,44,1,0,36,
11/12/2020,02,44,1,0,36,
11/12/2020,02,45,1,0,36,
11/12/2020,02,52,1,0,36,
11/12/2020,02,58,1,0,35,
11/12/2020,02,59,1,0,35,
11/12/2020,03,02,1,0,35,
11/12/2020,03,06,1,0,34,
11/12/2020,03,06,1,0,34,
11/12/2020,03,07,1,0,34,
11/12/2020,03,07,1,0,34,
11/12/2020,03,08,1,0,34,
11/12/2020,03,09,1,0,34,
11/12/2020,03,12,1,0,34,
11/12/2020,03,30,1,0,33,
11/12/2020,03,33,0,1,33,
11/12/2020,03,34,0,1,33,
11/12/2020,03,39,1,0,33,
11/12/2020,03,42,0,1,33,
11/12/2020,03,45,1,0,33,
11/12/2020,03,45,1,0,33,
11/12/2020,03,47,1,0,32,
11/12/2020,03,47,1,0,32,
11/12/2020,03,48,2,0,32,
11/12/2020,03,49,1,0,32,
11/12/2020,03,51,1,0,32,
11/12/2020,03,52,1,0,32,
11/12/2020,03,55,1,0,32,
11/12/2020,04,07,1,0,31,
11/12/2020,04,08,1,0,31,
11/12/2020,04,15,2,0,31,
11/12/2020,04,50,1,0,30,
11/12/2020,04,50,1,0,30,
11/12/2020,04,56,1,0,29,
11/12/2020,05,03,1,0,29,
11/12/2020,05,03,1,0,29,
11/12/2020,05,04,1,0,29,
11/12/2020,05,06,1,0,29,
11/12/2020,05,07,1,0,29,
11/12/2020,05,07,1,0,29,
11/12/2020,05,21,1,0,29,
11/12/2020,05,28,1,0,29,
11/12/2020,05,28,1,0,29,
11/12/2020,05,29,1,0,29,
11/12/2020,05,29,1,1,29,
11/12/2020,05,30,1,1,29,
11/12/2020,05,30,1,1,29,
11/12/2020,05,46,1,0,29,
11/12/2020,05,46,2,0,29,
11/12/2020,05,53,1,0,29,
11/12/2020,05,53,1,0,29,
11/12/2020,05,54,1,0,29,
11/12/2020,05,55,1,0,29,
11/12/2020,05,58,1,0,29,
11/12/2020,06,04,1,0,30,
11/12/2020,06,04,1,0,30,
11/12/2020,06,18,1,0,34,
11/12/2020,06,26,1,0,35,
11/12/2020,06,32,1,0,36,
11/12/2020,06,32,1,0,36,
11/12/2020,06,34,1,0,36,
11/12/2020,06,34,1,0,36,
11/12/2020,06,38,1,0,37,
11/12/2020,06,39,1,0,37,
11/12/2020,06,39,1,0,37,
11/12/2020,06,40,1,0,37,
11/12/2020,06,42,1,0,37,
11/12/2020,06,48,2,0,37,
11/12/2020,06,48,1,0,37,
11/12/2020,06,49,2,0,37,
11/12/2020,06,49,2,0,37,
11/12/2020,06,50,1,0,37,
11/12/2020,06,58,1,0,36,
11/12/2020,07,28,1,0,35,
11/12/2020,07,48,1,0,32,
11/12/2020,07,50,1,0,32,
11/12/2020,07,54,1,0,31,
11/12/2020,07,56,0,1,31,
11/12/2020,07,57,0,1,31,
11/12/2020,07,59,0,1,31,
11/12/2020,07,59,0,1,31,
11/13/2020,10,40,1,0,28,
11/13/2020,10,41,1,0,28,
11/13/2020,10,46,1,0,28,
11/13/2020,10,46,1,0,28,
11/13/2020,10,47,1,0,28,
11/13/2020,10,47,1,0,28,
11/13/2020,10,48,1,0,28,
11/13/2020,10,48,1,0,28,
11/13/2020,11,08,0,1,30,
11/13/2020,11,09,0,1,30,
11/13/2020,11,09,0,1,30,
11/13/2020,11,10,0,1,30,
11/13/2020,11,10,0,1,30,
11/13/2020,11,14,1,0,30,
11/13/2020,11,15,1,0,30,
11/13/2020,11,16,1,0,30,
11/13/2020,11,16,1,0,30,
11/13/2020,11,20,1,0,30,
11/13/2020,11,21,1,0,31,
11/13/2020,11,28,1,0,31,
11/13/2020,11,29,1,0,31,
11/13/2020,11,30,1,0,31,
11/13/2020,11,35,1,0,31,
11/13/2020,11,43,1,0,31,
11/13/2020,11,43,1,0,32,
11/13/2020,11,44,1,0,32,
11/13/2020,11,48,1,0,32,
11/13/2020,12,05,1,0,33,
11/13/2020,12,06,1,0,33,
11/13/2020,12,11,1,0,33,
11/13/2020,12,11,1,0,33,
11/13/2020,12,15,1,0,33,
11/13/2020,12,36,1,0,35,
11/13/2020,12,39,1,0,35,
11/13/2020,12,44,1,0,35,
11/13/2020,12,53,1,0,35,
11/13/2020,12,53,1,0,35,
11/13/2020,12,54,1,0,35,
11/13/2020,12,54,1,0,35,
11/13/2020,12,55,1,0,35,
11/13/2020,12,56,1,0,35,
11/13/2020,12,56,1,0,35,
11/13/2020,01,02,1,0,36,
11/13/2020,01,03,1,0,36,
11/13/2020,01,04,1,0,36,
11/13/2020,01,04,1,0,36,
11/13/2020,01,05,1,0,36,
11/13/2020,01,06,2,0,36,
11/13/2020,01,06,1,0,36,
11/13/2020,01,07,1,0,36,
11/13/2020,01,21,1,0,36,
11/13/2020,01,27,1,0,36,
11/13/2020,01,27,1,0,36,
11/13/2020,01,31,1,0,37,
11/13/2020,01,47,1,0,37,
11/13/2020,01,49,1,0,37,
11/13/2020,01,50,1,0,37,
11/13/2020,01,50,2,0,37,
11/13/2020,02,05,1,0,38,
11/13/2020,02,06,1,1,38,
11/13/2020,02,06,1,0,38,
11/13/2020,02,07,1,0,38,
11/13/2020,02,10,1,0,38,
11/13/2020,02,11,1,0,38,
11/13/2020,02,34,1,0,38,
11/13/2020,02,35,1,0,38,
11/13/2020,02,36,1,0,38,
11/13/2020,02,37,1,0,38,
11/13/2020,02,37,1,0,38,
11/13/2020,02,38,1,0,38,
11/13/2020,02,38,1,0,38,
11/13/2020,02,39,1,0,38,
11/13/2020,02,40,1,0,38,
11/13/2020,02,57,2,0,37,
11/13/2020,03,00,1,0,38,
11/13/2020,03,01,1,0,38,
11/13/2020,03,09,1,0,38,
11/13/2020,03,14,1,0,38,
11/13/2020,03,16,1,0,38,
11/13/2020,03,17,1,0,38,
11/13/2020,03,20,1,0,38,
11/13/2020,03,24,1,0,38,
11/13/2020,03,35,1,0,39,
11/13/2020,03,42,1,0,40,
11/13/2020,03,54,1,0,39,
11/13/2020,04,02,1,0,39,
11/13/2020,04,03,1,0,39,
11/13/2020,04,04,1,0,39,
11/13/2020,04,04,1,0,39,
11/13/2020,04,05,1,0,39,
11/13/2020,04,05,1,0,39,
11/13/2020,04,06,1,0,39,
11/13/2020,04,06,1,0,39,
11/13/2020,04,15,1,0,39,
11/13/2020,04,16,1,0,39,
11/13/2020,04,37,2,0,39,
11/13/2020,04,40,1,0,39,
11/13/2020,04,42,2,0,39,
11/13/2020,04,50,1,0,38,
11/13/2020,04,50,2,0,38,
11/13/2020,04,51,1,0,38,
11/13/2020,04,58,1,0,38,
11/13/2020,05,09,1,0,37,
11/13/2020,05,10,1,0,36,
11/13/2020,05,10,1,0,36,
11/13/2020,05,11,1,0,36,
11/13/2020,05,11,1,0,36,
11/13/2020,05,27,1,0,34,
11/13/2020,05,37,1,1,33,
11/13/2020,05,38,0,1,33,
11/13/2020,05,39,1,0,33,
11/13/2020,05,40,1,0,33,
11/13/2020,05,40,1,0,33,
11/13/2020,05,41,2,0,33,
11/13/2020,05,41,1,0,33,
11/13/2020,05,42,1,0,33,
11/13/2020,05,42,2,0,33,
11/13/2020,05,43,1,0,33,
11/13/2020,05,43,1,0,33,
11/13/2020,05,44,2,0,33,
11/13/2020,05,58,1,0,32,
11/13/2020,05,59,2,0,32,
11/13/2020,05,59,1,0,32,
11/13/2020,06,00,1,0,32,
11/13/2020,06,06,1,1,31,
11/13/2020,06,06,0,1,31,
11/13/2020,06,07,0,1,31,
11/13/2020,06,07,1,1,31,
11/13/2020,06,08,0,1,31,
11/13/2020,06,08,0,1,31,
11/13/2020,06,09,0,1,31,
11/13/2020,06,12,0,1,31,
11/13/2020,06,13,0,1,31,
11/13/2020,06,14,0,2,31,
11/13/2020,06,14,0,1,31,
11/13/2020,06,15,0,1,31,
11/13/2020,06,15,0,1,31,
11/13/2020,06,16,0,1,30,
11/13/2020,06,17,0,1,30,
11/13/2020,06,17,0,1,30,
11/13/2020,06,18,0,1,30,
11/13/2020,06,18,0,1,30,
11/13/2020,06,19,0,1,30,
11/13/2020,06,19,0,1,30,
11/13/2020,06,34,1,0,28,
11/13/2020,06,35,1,0,28,
11/13/2020,06,35,1,0,28,
11/13/2020,06,41,1,0,28,
11/13/2020,06,43,1,0,28,
11/13/2020,07,20,1,0,28,
11/13/2020,07,25,1,0,28,
11/13/2020,07,25,1,0,28,
11/13/2020,07,26,1,0,28,
11/13/2020,07,27,1,0,28,
11/14/2020,01,25,0,1,19,
11/14/2020,01,25,0,1,19,
11/14/2020,01,26,0,1,19,
11/14/2020,01,26,0,1,19,
11/14/2020,02,22,0,1,20,
11/14/2020,02,24,0,1,20,
11/14/2020,02,25,0,1,20,
11/14/2020,03,03,1,0,24,
11/14/2020,03,04,1,0,24,
11/14/2020,03,06,1,0,24,
11/14/2020,03,51,0,1,27,
11/14/2020,03,51,0,1,26,
11/14/2020,03,52,0,1,26,
11/14/2020,03,52,0,1,26,
11/14/2020,03,53,0,1,26,
11/14/2020,03,53,0,1,26,
11/14/2020,03,54,0,1,26,
11/14/2020,03,54,0,1,26,
11/14/2020,03,55,0,1,26,
11/14/2020,03,55,0,1,26,
11/14/2020,03,56,0,1,26,
11/14/2020,03,56,0,1,26,
11/14/2020,03,57,0,1,26,
11/14/2020,03,57,0,1,26,
11/14/2020,04,01,0,1,26,
11/14/2020,04,02,0,1,26,
11/14/2020,04,03,0,1,26,
11/14/2020,04,03,0,1,26,
11/14/2020,04,04,0,1,26,
11/14/2020,04,04,0,1,26,
11/14/2020,04,05,0,1,26,
11/14/2020,04,05,0,1,26,
11/14/2020,04,06,0,1,26,
11/14/2020,04,06,0,1,26,
11/14/2020,04,07,0,1,26,
11/14/2020,04,08,0,1,26,
11/14/2020,04,11,0,1,26,
11/14/2020,04,11,0,1,26,
11/14/2020,04,12,0,1,26,
11/14/2020,04,12,0,1,26,
11/14/2020,04,13,0,1,26,
11/14/2020,04,13,0,1,26,
11/14/2020,04,14,0,1,26,
11/14/2020,04,14,0,1,26,
11/14/2020,04,15,0,1,26,
11/14/2020,04,15,0,1,26,
11/14/2020,04,16,0,1,26,
11/14/2020,04,16,0,1,26,
11/14/2020,04,17,0,1,26,
11/14/2020,04,17,0,1,26,
11/14/2020,04,25,0,1,26,
11/14/2020,04,25,0,1,26,
11/14/2020,04,26,0,1,26,
11/14/2020,04,26,0,1,26,
11/14/2020,04,27,0,1,26,
11/14/2020,04,27,0,1,26,
11/14/2020,04,28,0,1,26,
11/14/2020,04,28,0,1,26,
11/14/2020,04,29,0,1,26,
11/14/2020,04,29,0,1,26,
11/14/2020,04,30,0,1,26,
11/14/2020,04,30,0,1,26,
11/14/2020,04,31,0,1,26,
11/14/2020,04,31,0,1,26,
11/14/2020,04,32,0,1,26,
11/14/2020,04,32,0,1,26,
11/14/2020,04,33,0,1,26,
11/14/2020,04,33,0,1,26,
11/14/2020,04,34,0,1,26,
11/14/2020,04,34,0,1,26,
11/14/2020,04,35,0,1,26,
11/14/2020,04,35,0,1,26,
11/14/2020,04,36,0,1,26,
11/14/2020,04,46,0,1,26,
11/14/2020,04,46,0,1,26,
11/14/2020,04,47,0,1,26,
11/14/2020,04,47,0,1,26,
11/14/2020,04,56,0,1,26,
11/14/2020,05,14,1,0,27,
11/14/2020,05,15,1,0,27,
11/14/2020,05,15,1,0,27,
11/14/2020,05,32,1,0,29,
11/14/2020,05,32,1,0,29,
11/14/2020,05,35,1,0,29,
11/14/2020,05,40,1,0,29,
11/14/2020,05,41,1,0,29,
11/14/2020,05,52,1,0,30,
11/14/2020,05,56,1,0,30,
11/14/2020,06,22,0,1,31,
11/14/2020,07,16,1,0,30,
11/15/2020,08,39,1,0,23,
11/15/2020,09,48,1,0,29,
11/15/2020,09,49,1,0,29,
11/15/2020,09,49,1,0,29,
11/15/2020,09,50,1,0,29,
11/15/2020,10,08,1,0,30,
11/15/2020,10,22,1,0,29,
11/15/2020,10,23,1,0,30,
11/15/2020,10,23,1,0,30,
11/15/2020,10,24,1,0,30,
11/15/2020,10,24,1,0,30,
11/15/2020,10,25,1,0,30,
11/15/2020,10,25,1,0,30,
11/15/2020,10,26,1,0,30,
11/15/2020,10,26,1,0,30,
11/15/2020,10,27,1,0,30,
11/15/2020,10,27,1,0,30,
11/15/2020,10,28,1,0,30,
11/15/2020,10,28,1,0,30,
11/15/2020,10,29,1,0,30,
11/15/2020,10,51,1,0,30,
11/15/2020,11,20,1,0,30,
11/15/2020,11,21,1,0,30,
11/15/2020,11,21,1,0,30,
11/15/2020,11,30,1,0,30,
11/15/2020,11,57,1,0,31,
11/15/2020,11,58,1,0,31,
11/15/2020,11,59,1,0,31,
11/15/2020,11,59,1,0,31,
11/15/2020,12,00,1,0,31,
11/15/2020,12,09,1,0,31,
11/15/2020,12,10,1,0,31,
11/15/2020,12,10,1,0,31,
11/15/2020,12,11,1,0,31,
11/15/2020,12,13,1,0,31,
11/15/2020,12,20,1,0,31,
11/15/2020,12,22,1,0,31,
11/15/2020,12,22,1,0,31,
11/15/2020,12,23,1,0,31,
11/15/2020,12,37,1,0,32,
11/15/2020,12,38,1,0,32,
11/15/2020,12,38,1,0,32,
11/15/2020,12,49,1,0,32,
11/15/2020,12,50,1,0,32,
11/15/2020,12,55,1,0,32,
11/15/2020,12,57,1,0,32,
11/15/2020,01,17,1,0,33,
11/15/2020,01,18,1,0,33,
11/15/2020,01,18,1,0,33,
11/15/2020,01,19,1,0,33,
11/15/2020,01,20,1,0,33,
11/15/2020,01,23,1,0,33,
11/15/2020,01,32,1,0,33,
11/15/2020,01,32,1,0,33,
11/15/2020,01,51,1,0,34,
11/15/2020,01,51,1,0,34,
11/15/2020,01,52,1,0,34,
11/15/2020,01,52,1,0,34,
11/15/2020,01,54,1,0,34,
11/15/2020,01,55,1,0,34,
11/15/2020,01,56,1,0,34,
11/15/2020,01,56,2,0,34,
11/15/2020,01,58,1,0,34,
11/15/2020,02,03,1,0,34,
11/15/2020,02,05,1,0,34,
11/15/2020,02,09,1,0,34,
11/15/2020,02,17,1,0,35,
11/15/2020,02,22,1,0,35,
11/15/2020,02,23,1,0,35,
11/15/2020,02,28,1,0,35,
11/15/2020,02,29,1,0,35,
11/15/2020,02,29,1,0,35,
11/15/2020,02,33,1,0,35,
11/15/2020,02,45,1,0,35,
11/15/2020,02,45,1,0,35,
11/15/2020,02,47,1,0,36,
11/15/2020,02,48,1,0,36,
11/15/2020,03,04,1,0,36,
11/15/2020,03,10,1,0,37,
11/15/2020,03,10,1,0,37,
11/15/2020,03,11,1,0,37,
11/15/2020,03,12,1,0,37,
11/15/2020,03,13,1,0,37,
11/15/2020,03,32,1,0,37,
11/15/2020,03,33,1,0,37,
11/15/2020,03,33,1,0,37,
11/15/2020,03,45,1,0,38,
11/15/2020,03,45,1,0,38,
11/15/2020,03,46,1,0,38,
11/15/2020,04,06,1,0,37,
11/15/2020,04,07,1,0,37,
11/15/2020,04,08,1,0,37,
11/15/2020,04,08,1,0,37,
11/15/2020,04,09,1,0,37,
11/15/2020,04,09,1,0,37,
11/15/2020,04,18,1,0,37,
11/15/2020,04,21,1,0,36,
11/15/2020,04,21,1,0,36,
11/15/2020,04,22,1,0,36,
11/15/2020,04,22,1,0,36,
11/15/2020,04,23,1,0,36,
11/15/2020,04,24,1,0,36,
11/15/2020,04,30,1,0,37,
11/15/2020,04,37,1,0,37,
11/15/2020,04,44,1,0,38,
11/15/2020,04,45,1,0,38,
11/15/2020,04,46,1,0,38,
11/15/2020,04,47,1,0,38,
11/15/2020,04,47,1,0,38,
11/15/2020,04,48,2,0,38,
11/15/2020,04,51,1,0,38,
11/15/2020,04,51,1,0,38,
11/15/2020,04,56,1,0,39,
11/15/2020,04,57,1,0,39,
11/15/2020,04,59,1,0,39,
11/15/2020,05,01,1,0,39,
11/15/2020,05,02,1,0,39,
11/15/2020,05,30,1,0,38,
11/15/2020,05,31,1,0,38,
11/15/2020,05,32,1,0,38,
11/15/2020,05,32,2,0,38,
11/15/2020,05,35,1,0,38,
11/15/2020,05,36,1,0,37,
11/15/2020,05,37,1,0,37,
11/15/2020,05,38,1,0,37,
11/15/2020,05,39,1,0,37,
11/15/2020,05,50,1,0,36,
11/15/2020,05,55,1,0,35,
11/15/2020,05,55,1,0,35,
11/15/2020,05,56,1,0,35,
11/15/2020,05,56,1,0,35,
11/15/2020,06,00,1,0,34,
11/15/2020,06,01,1,0,34,
11/15/2020,06,08,1,0,33,
11/15/2020,06,09,1,0,33,
11/15/2020,06,09,1,0,33,
11/15/2020,06,12,1,0,32,
11/15/2020,06,24,1,0,31,
11/15/2020,06,25,1,0,31,
11/15/2020,06,27,1,0,31,
11/15/2020,06,27,1,0,31,
11/15/2020,06,28,1,0,31,
11/15/2020,06,33,0,1,30,
11/15/2020,06,46,1,0,29,
11/15/2020,06,47,1,0,29,
11/15/2020,06,47,1,0,29,
11/15/2020,06,48,1,0,29,
11/15/2020,06,48,1,0,29,
11/15/2020,06,49,1,0,29,
11/16/2020,09,13,1,0,29,
11/16/2020,09,33,1,0,31,
11/16/2020,09,44,1,0,32,
11/16/2020,09,45,1,0,32,
11/16/2020,09,54,1,0,33,
11/16/2020,09,54,1,0,33,
11/16/2020,09,55,1,0,33,
11/16/2020,09,55,1,0,33,
11/16/2020,09,56,1,0,33,
11/16/2020,09,57,1,0,33,
11/16/2020,09,57,1,0,33,
11/16/2020,09,58,1,0,33,
11/16/2020,09,58,1,0,33,
11/16/2020,09,59,1,0,33,
11/16/2020,10,04,1,0,33,
11/16/2020,10,05,1,0,33,
11/16/2020,10,05,1,0,33,
11/16/2020,10,06,1,0,33,
11/16/2020,10,06,1,0,33,
11/16/2020,10,07,1,0,33,
11/16/2020,10,11,1,0,33,
11/16/2020,10,15,1,0,33,
11/16/2020,10,32,1,0,34,
11/16/2020,10,32,1,0,34,
11/16/2020,10,33,1,0,34,
11/16/2020,10,34,1,0,34,
11/16/2020,10,35,1,0,34,
11/16/2020,10,39,1,0,34,
11/16/2020,10,43,1,0,34,
11/16/2020,10,43,1,0,34,
11/16/2020,10,44,1,0,34,
11/16/2020,10,54,1,0,34,
11/16/2020,10,54,1,0,34,
11/16/2020,10,56,1,0,34,
11/16/2020,10,57,1,0,34,
11/16/2020,10,57,1,0,34,
11/16/2020,10,59,1,0,34,
11/16/2020,11,15,1,0,34,
11/16/2020,11,19,1,0,34,
11/16/2020,11,25,1,0,34,
11/16/2020,11,26,1,0,34,
11/16/2020,11,26,1,0,34,
11/16/2020,11,27,1,0,34,
11/16/2020,11,27,1,0,34,
11/16/2020,11,30,1,0,34,
11/16/2020,11,33,1,0,34,
11/16/2020,11,36,1,0,34,
11/16/2020,11,37,1,0,34,
11/16/2020,11,38,1,0,34,
11/16/2020,11,38,1,0,34,
11/16/2020,11,39,1,0,34,
11/16/2020,11,41,1,0,34,
11/16/2020,12,11,1,0,35,
11/16/2020,12,15,1,0,35,
11/16/2020,12,16,1,0,35,
11/16/2020,12,17,1,0,35,
11/16/2020,12,18,1,0,35,
11/16/2020,12,18,1,0,35,
11/16/2020,12,19,1,0,35,
11/16/2020,12,19,1,0,35,
11/16/2020,12,34,1,0,36,
11/16/2020,12,35,1,0,36,
11/16/2020,12,38,1,0,36,
11/16/2020,12,49,1,0,36,
11/16/2020,12,49,1,0,36,
11/16/2020,12,50,1,0,36,
11/16/2020,12,50,1,0,36,
11/16/2020,12,51,2,0,36,
11/16/2020,12,52,1,0,36,
11/16/2020,12,55,1,0,36,
11/16/2020,01,02,1,0,36,
11/16/2020,01,22,1,0,36,
11/16/2020,01,23,1,0,36,
11/16/2020,01,23,1,0,36,
11/16/2020,01,27,1,0,36,
11/16/2020,01,29,1,0,37,
11/16/2020,01,50,1,0,37,
11/16/2020,01,57,1,0,37,
11/16/2020,02,05,1,0,37,
11/16/2020,02,06,1,0,37,
11/16/2020,02,07,1,0,38,
11/16/2020,02,10,1,0,38,
11/16/2020,02,13,1,0,38,
11/16/2020,02,18,1,0,38,
11/16/2020,02,23,1,0,38,
11/16/2020,02,26,1,0,38,
11/16/2020,02,27,1,0,38,
11/16/2020,02,27,1,0,38,
11/16/2020,02,38,1,0,38,
11/16/2020,02,39,1,0,38,
11/16/2020,02,45,1,0,39,
11/16/2020,02,46,1,0,39,
11/16/2020,02,46,1,0,39,
11/16/2020,02,51,1,0,39,
11/16/2020,02,56,1,0,39,
11/16/2020,02,57,1,0,39,
11/16/2020,02,57,1,0,39,
11/16/2020,03,58,1,0,40,
11/16/2020,03,05,1,0,40,
11/16/2020,03,32,1,0,41,
11/16/2020,03,33,1,0,41,
11/16/2020,03,33,2,0,41,
11/16/2020,03,35,1,0,41,
11/16/2020,03,39,1,0,41,
11/16/2020,03,43,1,0,41,
11/16/2020,03,45,1,0,41,
11/16/2020,03,45,1,0,41,
11/16/2020,03,46,1,0,41,
11/16/2020,03,51,1,0,41,
11/16/2020,04,01,1,0,41,
11/16/2020,04,02,1,0,41,
11/16/2020,04,04,1,0,41,
11/16/2020,04,04,1,0,41,
11/16/2020,04,05,1,0,41,
11/16/2020,04,19,1,0,40,
11/16/2020,04,22,1,0,40,
11/16/2020,04,25,1,0,40,
11/16/2020,04,28,1,0,40,
11/16/2020,04,42,1,0,41,
11/16/2020,04,42,1,0,41,
11/16/2020,04,43,1,0,41,
11/16/2020,04,43,1,0,41,
11/16/2020,04,48,1,0,41,
11/16/2020,04,53,1,0,41,
11/16/2020,04,56,1,0,41,
11/16/2020,05,03,1,0,40,
11/16/2020,05,08,1,0,39,
11/16/2020,05,10,1,0,39,
11/16/2020,07,13,1,0,39,
11/16/2020,05,17,1,0,39,
11/16/2020,05,18,1,0,39,
11/16/2020,05,24,1,0,39,
11/16/2020,05,39,1,0,39,
11/16/2020,05,40,2,0,39,
11/16/2020,05,40,1,0,39,
11/16/2020,05,42,1,0,38,
11/16/2020,05,44,1,0,38,
11/16/2020,05,45,1,0,38,
11/16/2020,05,46,1,0,38,
11/16/2020,05,46,1,0,38,
11/16/2020,05,47,1,0,38,
11/16/2020,05,52,1,0,38,
11/16/2020,05,53,1,0,38,
11/16/2020,05,53,1,0,38,
11/16/2020,06,03,1,0,38,
11/16/2020,06,04,1,0,38,
11/16/2020,06,05,1,0,38,
11/16/2020,06,09,1,0,38,
11/16/2020,06,09,1,0,38,
11/16/2020,06,10,1,0,38,
11/16/2020,06,30,1,0,39,
11/16/2020,06,30,1,0,39,
11/16/2020,06,31,1,0,39,
11/16/2020,06,32,1,0,39,
11/16/2020,06,36,1,0,39,
11/16/2020,06,50,1,0,39,
11/16/2020,06,52,1,0,36,
11/16/2020,07,02,1,0,35,
11/16/2020,07,05,1,0,35,
11/16/2020,07,06,1,0,35,
11/16/2020,07,07,1,0,35,
11/16/2020,07,12,1,0,34,
11/16/2020,07,13,1,0,34,
11/16/2020,07,13,1,0,34,
11/16/2020,07,29,1,0,32,
11/16/2020,07,36,1,0,31,
11/16/2020,07,45,0,1,30,
11/16/2020,07,46,0,1,30,
11/16/2020,07,46,0,1,30,
11/16/2020,07,47,0,1,30,
11/16/2020,07,47,0,1,30,
11/16/2020,07,48,0,1,30,
11/16/2020,07,49,0,1,30,
11/16/2020,07,50,0,1,30,
11/16/2020,07,50,0,1,30,
11/16/2020,07,51,0,1,30,
11/16/2020,07,51,0,1,30,
11/16/2020,07,54,0,1,30,
11/17/2020,09,43,0,1,18,LLUVIA
11/17/2020,12,51,0,1,22,
11/17/2020,02,14,1,0,25,
11/17/2020,02,21,0,1,25,
11/17/2020,02,22,0,1,26,
11/17/2020,02,23,0,1,26,
11/17/2020,02,30,1,0,26,
11/17/2020,02,32,1,0,26,
11/17/2020,03,08,0,1,26,
11/17/2020,03,08,0,1,26,
11/17/2020,03,09,0,1,26,
11/17/2020,03,09,0,1,26,
11/17/2020,03,10,0,1,26,
11/17/2020,03,11,0,1,26,
11/17/2020,03,11,0,1,27,
11/17/2020,03,12,0,1,27,
11/17/2020,03,13,0,1,27,
11/17/2020,04,27,0,1,21,
11/18/2020,08,00,0,1,16,
11/18/2020,08,00,0,1,16,
11/18/2020,08,01,0,1,17,
11/18/2020,08,01,0,1,17,
11/18/2020,08,02,0,1,17,
11/18/2020,08,02,0,1,17,
11/18/2020,08,03,0,1,17,
11/18/2020,08,03,0,1,17,
11/18/2020,08,35,0,1,24,
11/18/2020,08,35,0,1,24,
11/18/2020,08,36,0,1,24,
11/18/2020,08,36,0,1,24,
11/18/2020,08,37,0,1,24,
11/18/2020,08,37,0,1,24,
11/18/2020,08,38,0,1,24,
11/18/2020,08,38,0,1,24,
11/18/2020,08,39,0,1,24,
11/18/2020,08,39,0,1,24,
11/18/2020,08,40,0,1,24,
11/18/2020,08,40,0,1,24,
11/18/2020,08,41,0,1,24,
11/18/2020,08,41,0,1,24,
11/18/2020,08,42,0,1,25,
11/18/2020,08,42,0,1,25,
11/18/2020,08,43,0,1,25,
11/18/2020,08,43,0,1,25,
11/18/2020,08,44,0,1,25,
11/18/2020,08,44,0,1,25,
11/18/2020,08,45,0,1,25,
11/18/2020,08,45,0,1,25,
11/18/2020,08,46,0,1,25,
11/18/2020,08,46,0,1,25,
11/18/2020,08,47,0,1,25,
11/18/2020,08,47,0,1,25,
11/18/2020,08,48,0,1,25,
11/18/2020,08,48,0,1,25,
11/18/2020,08,49,0,1,25,
11/18/2020,08,49,0,1,25,
11/18/2020,08,50,0,1,26,
11/18/2020,08,50,0,1,26,
11/18/2020,08,51,0,1,26,
11/18/2020,08,51,0,1,26,
11/18/2020,08,52,0,1,26,
11/18/2020,08,52,0,1,26,
11/18/2020,08,53,0,1,26,
11/18/2020,08,53,0,1,26,
11/18/2020,08,54,0,1,26,
11/18/2020,08,54,0,1,26,
11/18/2020,08,55,0,1,26,
11/18/2020,09,42,1,0,30,
11/18/2020,09,50,1,0,31,
11/18/2020,09,57,1,0,31,
11/18/2020,09,58,1,0,31,
11/18/2020,10,17,1,0,31,
11/18/2020,10,17,1,0,31,
11/18/2020,10,18,1,0,31,
11/18/2020,11,06,1,0,31,
11/18/2020,11,32,1,0,31,
11/18/2020,11,33,1,0,31,
11/18/2020,11,55,1,0,32,
11/18/2020,11,56,1,0,32,
11/18/2020,12,08,1,0,32,
11/18/2020,12,32,1,0,33,
11/18/2020,12,33,1,0,33,
11/18/2020,12,36,1,0,33,
11/18/2020,12,37,1,0,33,
11/18/2020,12,47,1,0,33,
11/18/2020,01,01,1,0,33,
11/18/2020,01,02,1,0,33,
11/18/2020,01,06,1,0,33,
11/18/2020,01,10,1,0,33,
11/18/2020,01,11,1,0,33,
11/18/2020,01,12,1,0,33,
11/18/2020,01,12,1,0,33,
11/18/2020,01,21,1,0,34,
11/18/2020,01,54,1,0,34,
11/18/2020,01,57,1,0,34,
11/18/2020,01,57,1,0,34,
11/18/2020,02,02,1,0,34,
11/18/2020,02,14,1,0,35,
11/18/2020,02,15,1,0,35,
11/18/2020,02,16,1,0,35,
11/18/2020,02,31,1,0,35,
11/18/2020,02,33,1,0,35,
11/18/2020,02,42,1,0,35,
11/18/2020,02,47,1,0,35,
11/18/2020,02,48,1,0,35,
11/18/2020,03,04,1,0,36,
11/18/2020,03,23,1,0,37,
11/19/2020,10,41,1,0,33,
11/19/2020,10,41,1,0,33,
11/19/2020,10,42,1,0,33,
11/19/2020,10,42,1,0,33,
11/19/2020,10,43,1,0,33,
11/19/2020,11,24,1,0,33,
11/19/2020,11,24,1,0,33,
11/19/2020,11,25,2,0,33,
11/19/2020,11,43,1,0,33,
11/19/2020,11,43,1,0,33,
11/19/2020,11,56,1,0,34,
11/19/2020,12,00,1,0,34,
11/19/2020,12,35,1,0,35,
11/19/2020,12,50,1,0,35,
11/19/2020,01,52,1,0,37,
11/19/2020,01,52,1,0,37,
11/19/2020,02,10,1,0,37,
11/19/2020,03,07,1,0,37,
11/19/2020,03,07,1,0,37,
11/19/2020,03,08,1,0,37,
11/19/2020,03,08,1,0,37,
11/19/2020,03,11,1,0,37,
11/19/2020,03,12,1,0,37,
11/19/2020,03,12,1,0,37,
11/19/2020,04,48,1,0,34,
11/19/2020,05,02,1,0,33,
11/19/2020,05,18,1,0,32,
11/19/2020,05,23,1,0,32,
11/19/2020,05,53,1,0,30,
11/19/2020,05,55,1,0,30,
11/19/2020,05,56,1,0,30,
11/19/2020,05,57,1,0,30,
11/19/2020,06,04,1,0,30,
11/19/2020,06,10,1,0,30,
11/19/2020,06,31,1,0,29,
11/20/2020,07,08,0,1,11,
11/20/2020,07,08,0,1,11,
11/20/2020,07,09,0,1,11,
11/20/2020,07,09,0,1,11,
11/20/2020,07,10,0,1,11,
11/20/2020,07,41,0,1,14,
11/20/2020,07,41,0,2,14,
11/20/2020,07,42,0,2,14,
11/20/2020,07,42,0,2,15,
11/20/2020,07,43,0,2,15,
11/20/2020,07,43,0,1,15,
11/20/2020,07,44,0,1,15,
11/20/2020,07,49,0,1,16,
11/20/2020,07,49,0,2,16,
11/20/2020,07,50,0,2,16,
11/20/2020,07,51,0,1,16,
11/20/2020,08,00,0,1,19,
11/20/2020,08,00,0,1,19,
11/20/2020,08,03,0,1,19,
11/20/2020,08,05,0,1,20,
11/20/2020,09,24,1,0,32,
11/20/2020,09,24,1,0,32,
11/20/2020,09,25,1,0,32,
11/20/2020,09,26,1,0,32,
11/20/2020,09,26,1,0,32,
11/20/2020,09,27,1,0,32,
11/20/2020,10,21,1,0,33,
11/20/2020,02,27,1,0,37,
11/20/2020,02,32,1,0,37,
11/20/2020,03,11,1,0,36,
11/20/2020,04,01,1,0,36,
11/20/2020,04,01,1,0,36,
11/20/2020,04,03,1,0,36,
11/20/2020,04,03,1,0,36,
11/20/2020,04,04,1,0,36,
11/20/2020,04,04,1,0,36,
11/20/2020,04,24,1,0,37,
11/20/2020,04,25,1,0,37,
11/20/2020,04,26,1,0,37,
11/20/2020,05,24,1,0,37,
11/20/2020,05,34,1,0,39,
11/20/2020,07,05,1,0,42,
11/21/2020,07,44,0,1,17,
11/21/2020,07,44,0,1,17,
11/21/2020,07,45,0,1,17,
11/21/2020,07,45,0,1,17,
11/21/2020,07,46,0,1,17,
11/21/2020,07,46,0,1,17,
11/21/2020,07,47,0,1,17,
11/21/2020,07,47,0,1,17,
11/21/2020,07,48,0,1,18,
11/21/2020,07,48,0,1,18,
11/21/2020,07,49,0,1,18,
11/21/2020,07,49,0,1,18,
11/21/2020,07,50,0,1,18,
11/21/2020,07,50,0,1,18,
11/21/2020,07,51,0,1,18,
11/21/2020,07,51,0,1,18,
11/21/2020,07,52,0,1,19,
11/21/2020,07,52,0,1,19,
11/21/2020,07,53,0,1,19,
11/21/2020,07,53,0,1,19,
11/21/2020,07,54,0,1,19,
11/21/2020,07,54,0,1,19,
11/21/2020,07,55,0,1,19,
11/21/2020,07,55,0,1,19,
11/21/2020,07,56,0,1,20,
11/21/2020,07,56,0,1,20,
11/21/2020,07,57,0,1,20,
11/21/2020,07,57,0,1,20,
11/21/2020,07,58,0,1,20,
11/21/2020,07,58,0,1,20,
11/21/2020,07,59,0,1,21,
11/21/2020,07,59,0,1,21,
11/21/2020,08,00,0,1,21,
11/21/2020,08,00,0,1,21,
11/21/2020,08,01,0,1,21,
11/21/2020,08,01,0,1,21,
11/21/2020,08,02,0,1,21,
11/21/2020,08,02,0,1,21,
11/21/2020,08,03,0,1,21,
11/21/2020,08,03,0,1,22,
11/21/2020,08,04,0,1,22,
11/21/2020,08,04,0,1,22,
11/21/2020,08,05,0,1,22,
11/21/2020,08,05,0,1,22,
11/21/2020,08,06,0,1,22,
11/21/2020,08,06,0,1,22,
11/21/2020,08,07,0,1,22,
11/21/2020,08,07,0,1,22,
11/21/2020,08,08,0,1,22,
11/21/2020,08,08,0,1,23,
11/21/2020,08,09,0,1,23,
11/21/2020,08,09,0,1,23,
11/21/2020,08,10,0,1,23,
11/21/2020,08,10,0,1,23,
11/21/2020,08,11,0,1,23,
11/21/2020,08,11,0,1,23,
11/21/2020,08,12,0,1,23,
11/21/2020,08,12,0,1,23,
11/21/2020,08,13,0,1,23,
11/21/2020,08,13,0,1,24,
11/21/2020,08,14,0,1,24,
11/21/2020,08,14,0,1,24,
11/21/2020,08,15,0,1,24,
11/21/2020,08,15,0,1,24,
11/21/2020,08,16,0,1,24,
11/21/2020,08,16,0,1,24,
11/21/2020,08,17,0,1,24,
11/21/2020,08,17,0,1,24,
11/21/2020,08,18,0,1,24,
11/21/2020,08,18,0,1,24,
11/21/2020,08,19,0,1,25,
11/21/2020,08,19,0,1,25,
11/21/2020,08,20,0,1,25,
11/21/2020,08,20,0,1,25,
11/21/2020,08,21,0,1,25,
11/21/2020,08,21,0,1,25,
11/21/2020,08,22,0,1,25,
11/21/2020,08,22,0,1,25,
11/21/2020,08,23,0,1,25,
11/21/2020,08,23,0,1,25,
11/21/2020,08,24,0,1,25,
11/21/2020,08,24,0,1,25,
11/21/2020,08,25,0,1,26,
11/21/2020,08,25,0,1,26,
11/21/2020,08,26,0,1,26,
11/21/2020,08,26,0,1,26,
11/21/2020,08,27,0,1,26,
11/21/2020,08,27,0,1,26,
11/21/2020,08,28,0,1,26,
11/21/2020,08,28,0,1,26,
11/21/2020,08,29,0,1,26,
11/21/2020,08,29,0,1,26,
11/21/2020,08,30,0,1,27,
11/21/2020,08,30,0,1,27,
11/21/2020,08,31,0,1,27,
11/21/2020,08,31,0,1,27,
11/21/2020,08,32,0,1,27,
11/21/2020,08,32,0,1,27,
11/21/2020,08,33,0,1,27,
11/21/2020,08,33,0,1,27,
11/21/2020,08,34,0,1,27,
11/21/2020,08,34,0,1,27,
11/21/2020,08,35,0,1,27,
11/21/2020,08,35,0,1,27,
11/21/2020,08,36,0,1,27,
11/21/2020,08,36,0,1,27,
11/21/2020,08,37,0,1,27,
11/21/2020,08,37,0,1,28,
11/21/2020,08,38,0,1,28,
11/21/2020,08,38,0,1,28,
11/21/2020,08,39,0,1,28,
11/21/2020,08,39,0,1,28,
11/21/2020,08,40,1,1,28,
11/21/2020,08,40,0,1,28,
11/21/2020,08,41,0,1,28,
11/21/2020,08,41,0,1,28,
11/21/2020,08,42,0,1,28,
11/21/2020,08,42,0,1,28,
11/21/2020,08,43,0,1,28,
11/21/2020,08,43,0,1,28,
11/21/2020,08,44,0,1,28,
11/21/2020,08,44,0,1,28,
11/21/2020,08,45,0,1,28,
11/21/2020,08,45,0,1,28,
11/21/2020,08,46,0,1,29,
11/21/2020,08,46,0,1,29,
11/21/2020,08,47,0,1,29,
11/21/2020,08,47,0,1,29,
11/21/2020,08,48,0,1,29,
11/21/2020,08,48,0,1,29,
11/21/2020,08,49,0,1,29,
11/21/2020,08,49,0,1,29,
11/21/2020,08,50,0,1,29,
11/21/2020,08,50,0,1,29,
11/21/2020,08,51,0,1,29,
11/21/2020,08,51,0,1,29,
11/21/2020,08,52,0,1,29,
11/21/2020,08,52,0,1,29,
11/21/2020,08,53,0,1,29,
11/21/2020,08,53,0,1,29,
11/21/2020,08,54,0,1,29,
11/21/2020,08,54,0,1,29,
11/21/2020,08,55,0,1,29,
11/21/2020,08,55,0,1,29,
11/21/2020,08,56,0,1,29,
11/21/2020,09,05,1,0,30,
11/21/2020,09,08,1,0,30,
11/21/2020,09,21,1,0,32,
11/21/2020,09,21,2,0,32,
11/21/2020,09,24,1,0,32,
11/21/2020,10,56,1,0,33,
11/21/2020,10,56,1,0,33,
11/21/2020,10,57,1,0,33,
11/21/2020,10,57,1,0,33,
11/21/2020,10,58,1,0,33,
11/21/2020,10,58,1,0,33,
11/21/2020,10,59,1,0,33,
11/21/2020,11,00,1,0,33,
11/21/2020,11,11,1,0,33,
11/21/2020,11,14,1,0,33,
11/21/2020,11,31,1,0,33,
11/21/2020,11,48,1,0,33,
11/21/2020,11,53,1,0,33,
11/21/2020,11,54,1,0,33,
11/21/2020,11,54,1,0,33,
11/21/2020,11,55,1,0,33,
11/21/2020,11,55,1,0,33,
11/21/2020,11,56,1,0,33,
11/21/2020,11,56,1,0,33,
11/21/2020,12,22,1,0,34,
11/21/2020,01,34,0,1,36,
11/21/2020,02,57,1,0,37,
11/21/2020,02,58,1,0,37,
11/21/2020,03,31,1,0,39,
11/21/2020,03,32,1,0,39,
11/21/2020,03,33,1,0,39,
11/21/2020,03,33,1,0,39,
11/21/2020,03,35,1,0,39,
11/21/2020,03,35,1,0,39,
11/21/2020,03,44,1,0,39,
11/21/2020,04,14,1,0,39,
11/21/2020,04,16,1,0,39,
11/21/2020,04,28,1,0,39,
11/21/2020,04,45,1,0,39,
11/21/2020,04,51,1,0,39,
11/21/2020,05,22,1,0,41,
11/21/2020,06,36,1,0,43,
11/21/2020,07,06,1,0,42,
11/21/2020,07,42,1,0,37,
11/22/2020,07,06,1,0,16,
11/22/2020,07,06,1,0,16,
11/22/2020,07,07,1,0,16,
11/22/2020,07,11,1,0,16,
11/22/2020,07,11,1,0,16,
11/22/2020,07,12,1,0,16,
11/22/2020,07,38,1,0,18,
11/22/2020,08,01,1,0,23,
11/22/2020,08,02,1,0,23,
11/22/2020,08,02,1,0,23,
11/22/2020,08,03,1,0,23,
11/22/2020,08,03,1,0,23,
11/22/2020,08,04,1,0,23,
11/22/2020,08,05,1,0,24,
11/22/2020,08,05,1,0,24,
11/22/2020,08,06,1,0,24,
11/22/2020,08,06,1,0,24,
11/22/2020,08,23,0,1,27,
11/22/2020,08,23,0,1,27,
11/22/2020,08,24,0,1,27,
11/22/2020,08,24,0,1,27,
11/22/2020,08,25,0,1,27,
11/22/2020,08,25,0,1,27,
11/22/2020,08,26,0,1,27,
11/22/2020,08,26,0,1,27,
11/22/2020,08,27,0,1,27,
11/22/2020,08,27,0,1,27,
11/22/2020,08,28,0,1,27,
11/22/2020,08,28,0,1,27,
11/22/2020,08,29,0,1,27,
11/22/2020,08,29,0,1,27,
11/22/2020,08,30,0,1,28,
11/22/2020,08,30,0,1,28,
11/22/2020,08,57,1,0,30,
11/22/2020,08,58,1,0,30,
11/22/2020,09,24,1,0,32,
11/22/2020,09,25,1,0,32,
11/22/2020,09,26,1,0,32,
11/22/2020,09,38,1,0,33,
11/22/2020,09,38,1,0,33,
11/22/2020,09,49,1,0,33,
11/22/2020,09,49,1,0,33,
11/22/2020,10,06,1,0,34,
11/22/2020,10,07,1,0,34,
11/22/2020,11,01,1,0,35,
11/22/2020,11,50,1,0,35,
11/22/2020,12,05,1,0,36,
11/22/2020,12,06,1,0,36,
11/22/2020,12,06,1,0,36,
11/22/2020,12,07,1,0,36,
11/22/2020,12,07,1,0,36,
11/22/2020,12,08,1,0,36,
11/22/2020,12,08,1,0,36,
11/22/2020,12,24,1,0,36,
11/22/2020,12,25,1,0,36,
11/22/2020,12,25,1,0,36,
11/22/2020,12,44,1,0,37,
11/22/2020,12,45,1,0,37,
11/22/2020,12,46,1,0,37,
11/22/2020,12,47,1,0,37,
11/22/2020,12,47,1,0,37,
11/22/2020,12,48,1,0,37,
11/22/2020,12,56,1,0,38,
11/22/2020,12,57,1,0,38,
11/22/2020,01,36,1,0,39,
11/22/2020,01,40,1,0,39,
11/22/2020,01,47,1,0,39,
11/22/2020,01,56,1,0,40,
11/22/2020,01,56,1,0,40,
11/22/2020,02,35,1,0,41,
11/22/2020,02,49,1,0,42,
11/22/2020,03,06,1,0,42,
11/22/2020,03,28,1,0,44,
11/22/2020,03,29,1,0,44,
11/22/2020,03,29,1,0,44,
11/22/2020,03,30,1,0,44,
11/22/2020,03,56,1,0,44,
11/22/2020,04,03,1,0,44,
11/22/2020,04,27,1,0,43,
11/22/2020,04,27,1,0,43,
11/22/2020,04,29,1,0,43,
11/22/2020,04,29,1,0,43,
11/22/2020,04,30,1,0,43,
11/22/2020,04,31,1,0,43,
11/22/2020,04,41,1,0,43,
11/22/2020,04,42,1,0,43,
11/22/2020,04,56,1,0,44,
11/22/2020,05,05,1,0,45,
11/22/2020,05,27,1,0,46,
11/22/2020,05,33,1,0,46,
11/22/2020,05,34,1,0,46,
11/22/2020,06,00,1,0,46,
11/22/2020,06,00,1,0,46,
11/22/2020,06,43,1,0,44,
11/22/2020,06,43,1,0,44,
11/22/2020,06,44,1,0,44,
11/22/2020,06,44,1,0,44,
11/22/2020,06,46,1,0,43,
11/22/2020,06,46,1,0,43,
11/22/2020,06,47,1,0,43,
11/22/2020,06,48,1,0,43,
11/22/2020,06,49,1,0,43,
11/22/2020,06,50,1,0,43,
11/22/2020,06,58,0,1,42,
11/22/2020,06,58,0,1,42,
11/22/2020,06,59,0,1,42,
11/22/2020,07,00,0,1,42,
11/22/2020,07,00,0,1,42,
11/22/2020,07,01,0,1,41,
11/22/2020,07,01,1,0,41,
11/22/2020,07,03,0,1,41,
11/22/2020,07,04,0,1,41,
11/22/2020,07,04,0,1,41,
11/22/2020,07,05,0,1,41,
11/22/2020,07,05,0,1,41,
11/22/2020,07,06,0,1,41,
11/22/2020,07,06,0,1,41,
11/23/2020,07,02,1,0,15,
11/23/2020,08,14,1,0,27,
11/23/2020,08,14,1,0,27,
11/23/2020,08,19,1,0,28,
11/23/2020,08,20,1,0,29,
11/23/2020,08,21,1,0,29,
11/23/2020,08,22,1,0,29,
11/23/2020,08,22,1,0,29,
11/23/2020,08,23,1,0,29,
11/23/2020,08,26,1,0,30,
11/23/2020,08,34,1,0,30,
11/23/2020,08,51,1,0,34,
11/23/2020,09,14,1,0,36,
11/23/2020,09,55,1,0,38,
11/23/2020,09,56,1,0,38,
11/23/2020,09,56,1,0,38,
11/23/2020,09,57,1,0,38,
11/23/2020,09,57,1,0,38,
11/23/2020,09,59,1,0,38,
11/23/2020,09,59,1,0,38,
11/23/2020,10,00,1,0,38,
11/23/2020,10,01,1,0,38,
11/23/2020,10,02,1,0,38,
11/23/2020,10,02,1,0,38,
11/23/2020,10,03,2,0,38,
11/23/2020,10,03,1,0,38,
11/23/2020,10,04,1,0,38,
11/23/2020,10,04,1,0,38,
11/23/2020,10,58,1,0,38,
11/23/2020,10,58,1,0,38,
11/23/2020,10,59,1,0,38,
11/23/2020,11,26,1,0,38,
11/23/2020,11,27,1,0,38,
11/23/2020,12,53,1,0,40,
11/23/2020,12,53,1,0,40,
11/23/2020,12,54,1,0,40,
11/23/2020,01,48,1,0,41,
11/23/2020,02,52,1,0,43,
11/23/2020,03,42,1,0,45,
11/23/2020,03,56,1,0,45,
11/23/2020,03,57,1,0,45,
11/23/2020,03,57,1,0,45,
11/23/2020,03,58,1,0,45,
11/23/2020,03,59,2,0,45,
11/23/2020,04,03,1,0,45,
11/23/2020,04,20,1,0,44,
11/23/2020,04,22,1,0,44,
11/23/2020,04,22,1,0,44,
11/23/2020,04,23,1,0,44,
11/23/2020,04,27,1,0,44,
11/23/2020,04,44,1,0,44,
11/23/2020,05,08,1,0,44,
11/23/2020,05,28,1,0,45,
11/23/2020,05,37,1,0,45,
11/23/2020,05,37,1,0,45,
11/23/2020,05,49,1,0,46,
11/23/2020,05,56,1,0,46,
11/23/2020,05,56,1,0,46,
11/23/2020,06,03,1,0,46,
11/23/2020,06,07,1,0,46,
11/23/2020,06,29,1,0,45,
11/23/2020,07,00,1,0,39,
11/23/2020,07,01,1,0,39,
11/23/2020,07,05,1,0,38,
11/23/2020,07,16,1,0,37,
11/23/2020,07,26,1,0,36,
11/23/2020,07,27,1,0,36,
11/23/2020,07,41,1,0,35,
11/23/2020,07,41,1,0,35,
11/23/2020,07,42,1,0,35,
11/23/2020,07,43,1,0,35,
11/23/2020,07,54,1,0,34,
11/23/2020,07,55,1,0,34,
11/24/2020,08,44,1,0,30,
11/24/2020,08,45,1,0,30,
11/24/2020,08,50,1,0,30,
11/24/2020,09,03,1,0,31,
11/24/2020,09,16,1,0,32,
11/24/2020,09,16,1,0,32,
11/24/2020,10,44,1,0,33,
11/24/2020,10,44,1,0,33,
11/24/2020,10,45,1,0,33,
11/24/2020,11,24,1,0,32,
11/24/2020,11,25,1,0,32,
11/24/2020,11,41,1,0,32,
11/24/2020,11,41,1,0,32,
11/24/2020,11,42,1,0,32,
11/24/2020,11,57,1,0,33,
11/24/2020,12,06,1,0,33,
11/24/2020,12,50,1,0,35,
11/24/2020,12,51,1,0,35,
11/24/2020,01,21,1,0,35,
11/24/2020,01,21,1,0,35,
11/24/2020,01,22,1,0,35,
11/24/2020,01,22,1,0,35,
11/24/2020,01,23,1,0,35,
11/24/2020,01,23,1,0,35,
11/24/2020,01,24,1,0,35,
11/24/2020,01,24,1,0,36,
11/24/2020,01,25,1,0,36,
11/24/2020,01,25,1,0,36,
11/24/2020,01,26,1,0,36,
11/24/2020,01,26,1,0,36,
11/24/2020,01,27,1,0,36,
11/24/2020,01,27,1,0,36,
11/24/2020,01,28,1,0,36,
11/24/2020,01,28,1,0,36,
11/24/2020,01,29,1,0,36,
11/24/2020,01,29,1,0,36,
11/24/2020,01,30,1,0,36,
11/24/2020,01,30,1,0,36,
11/24/2020,01,31,1,0,36,
11/24/2020,01,31,1,0,36,
11/24/2020,01,32,1,0,36,
11/24/2020,01,32,1,0,36,
11/24/2020,01,33,1,0,36,
11/24/2020,01,33,1,0,36,
11/24/2020,01,34,1,0,36,
11/24/2020,01,34,1,0,36,
11/24/2020,01,35,1,0,36,
11/24/2020,01,35,1,0,36,
11/24/2020,01,36,1,0,36,
11/24/2020,01,36,1,0,36,
11/24/2020,01,37,1,0,36,
11/24/2020,01,37,1,0,36,
11/24/2020,01,38,1,0,36,
11/24/2020,01,38,1,0,36,
11/24/2020,01,39,1,0,36,
11/24/2020,01,39,1,0,36,
11/24/2020,01,40,1,0,36,
11/24/2020,01,40,1,0,36,
11/24/2020,01,41,1,0,36,
11/24/2020,01,41,1,0,36,
11/24/2020,01,42,1,0,36,
11/24/2020,01,42,1,0,36,
11/24/2020,01,43,1,0,36,
11/24/2020,01,43,1,0,36,
11/24/2020,01,44,1,0,36,
11/24/2020,01,44,1,0,36,
11/24/2020,01,45,1,0,36,
11/24/2020,01,45,1,0,36,
11/24/2020,01,46,1,0,36,
11/24/2020,01,46,1,0,36,
11/24/2020,01,47,1,0,36,
11/24/2020,01,47,1,0,36,
11/24/2020,01,48,1,0,36,
11/24/2020,01,48,1,0,36,
11/24/2020,01,49,1,0,36,
11/24/2020,01,55,1,0,36,
11/24/2020,02,11,1,0,37,
11/24/2020,02,11,1,0,37,
11/24/2020,02,21,1,0,37,
11/24/2020,02,25,1,0,37,
11/24/2020,02,25,1,0,37,
11/24/2020,02,28,1,0,37,
11/24/2020,02,38,1,0,37,
11/24/2020,02,51,1,0,38,
11/24/2020,02,51,1,0,38,
11/24/2020,02,57,1,0,38,
11/24/2020,03,34,1,0,40,
11/24/2020,03,53,1,0,40,
11/24/2020,03,54,1,0,41,
11/24/2020,03,56,1,0,41,
11/24/2020,03,57,1,0,41,
11/24/2020,04,10,1,0,40,
11/24/2020,04,11,1,0,40,
11/24/2020,04,18,1,0,40,
11/24/2020,05,07,1,0,40,
11/24/2020,05,51,1,0,42,
11/24/2020,05,53,1,0,42,
11/24/2020,05,53,1,0,42,
11/24/2020,05,54,1,0,42,
11/24/2020,06,09,1,0,42,
11/24/2020,06,13,1,0,42,
11/24/2020,06,14,1,0,42,
11/24/2020,07,31,1,0,39,
11/24/2020,07,32,1,0,39,
11/24/2020,07,51,0,1,35,
11/25/2020,10,26,0,0,28,larva?
11/25/2020,11,07,1,0,27,
11/25/2020,11,07,1,0,27,
12/1/2020,11,07,0,0,27,arauela
12/4/2020,08,21,0,1,17,